id,gender,masterCategory,subCategory,articleType,baseColour,season,year,usage,productDisplayName
12532,Women,Apparel,Topwear,Jackets,Black,Fall,2011,Casual,Puma Women Solid Black Jackets
3469,Unisex,Accessories,Headwear,Headband,Black,Fall,2010,Sports,ADIDAS Unisex Black White Headband
24742,Women,Accessories,Bags,Handbags,Green,Winter,2015,Casual,Murcia Women Casual Handbag
28477,Women,Apparel,Topwear,Kurtas,Purple,Summer,2012,Ethnic,Urban Yoga Women Printed Purple Kurta
9966,Women,Apparel,Topwear,Tshirts,White,Fall,2011,Sports,Nike Women As Statement White T-Shirts
58208,Men,Accessories,Belts,Belts,Brown,Summer,2013,Casual,New Hide Men Brown Belt
30591,Unisex,Accessories,Headwear,Caps,Blue,Summer,2012,Sports,Nike Unisex Federer Blue Cap
45627,Men,Apparel,Innerwear,Briefs,Grey,Summer,2016,Casual,Park Avenue Men Grey Briefs
50468,Men,Apparel,Innerwear,Trunk,Grey Melange,Winter,2016,Casual,Chromozome Men Grey Melange Trunks
51797,Women,Apparel,Loungewear and Nightwear,Nightdress,Turquoise Blue,Summer,2016,Casual,Bwitch Turquiose Blue Nightdress
31221,Women,Apparel,Bottomwear,Capris,Black,Summer,2012,Casual,Puma Women Black Capris
46949,Women,Personal Care,Fragrance,Perfume and Body Mist,Peach,Spring,2017,Casual,York Women Amazing Perfume
26608,Men,Footwear,Shoes,Sports Shoes,Black,Summer,2012,Sports,Puma Men Faas 800 Black Sports Shoes
14859,Women,Accessories,Wallets,Wallets,Black,Summer,2011,Casual,United Colors of Benetton Women Solid Black Wallets
26384,Men,Apparel,Bottomwear,Trousers,Black,Summer,2012,Formal,Turtle Men Black Trousers
44958,Women,Personal Care,Fragrance,Deodorant,Red,Spring,2017,Casual,Fogg Women Radiate Deo
43065,Men,Apparel,Topwear,Tshirts,Grey,Summer,2012,Casual,Nike Men Grey Striped T-shirt
48981,Women,Accessories,Jewellery,Ring,Silver,Fall,2012,Casual,Lucera Women Silver Ring
42002,Girls,Apparel,Bottomwear,Capris,Pink,Summer,2012,Casual,Gini and Jony Girls Kinky Pink Capris
45768,Women,Personal Care,Fragrance,Deodorant,Blue,Spring,2017,Casual,Lomani Women Deo
55384,Women,Personal Care,Nails,Nail Polish,Purple,Spring,2017,Casual,Revlon Plum Deluxe Nail Enamel 315
31715,Women,Accessories,Jewellery,Earrings,Silver,Winter,2016,Ethnic,Fabindia Women Anusuya Silver Earrings
3125,Men,Apparel,Topwear,Tshirts,Black,Summer,2011,Casual,Inkfruit Men's Star War Black T-shirt
39174,Women,Apparel,Topwear,Kurtas,Blue,Summer,2012,Ethnic,Aneri Women Blue Printed Kurta
53376,Women,Accessories,Wallets,Wallets,White,Summer,2012,Casual,Puma Women White Ferrari Wallet
21885,Women,Apparel,Topwear,Kurtas,Green,Fall,2011,Ethnic,BIBA Women Printed Green Kurta
29865,Men,Accessories,Eyewear,Sunglasses,Black,Winter,2016,Casual,Mayhem Men Aviator Sunglasses 1024-209
30463,Women,Apparel,Innerwear,Bra,Pink,Summer,2014,Casual,Lovable Women All Day Long Pink Bra
4355,Men,Apparel,Topwear,Tshirts,Grey,Summer,2011,Casual,Batman Men's Batman Applique Shei Grey T-shirt
49752,Men,Accessories,Ties,Ties,Lavender,Summer,2012,Formal,Parx Men Lavender Tie
39742,Men,Footwear,Shoes,Casual Shoes,Red,Summer,2012,Casual,Arrow Men Red Shoes
26300,Men,Apparel,Topwear,Tshirts,Blue,Summer,2012,Casual,Proline Men Blue Striped Polo T-shirt
35937,Men,Footwear,Shoes,Sports Shoes,Black,Summer,2012,Sports,Salomon Men Techamphibian 3 Black Sports Shoes
25105,Women,Accessories,Belts,Belts,Black,Winter,2015,Casual,Lino Perros Women Black Belt
42938,Men,Accessories,Bags,Handbags,Black,Summer,2012,Casual,French Connection Men Black Bag
21259,Unisex,Accessories,Bags,Backpacks,Black,Summer,2015,Casual,Skybags Unisex Black Bern Backpack
32766,Men,Apparel,Topwear,Shirts,White,Summer,2012,Formal,John Miller Men Striped White Shirt
10305,Men,Footwear,Shoes,Casual Shoes,Black,Fall,2011,Casual,Clarks Men Rocco Fuse Brown Casual Shoes
24868,Men,Accessories,Wallets,Wallets,Black,Summer,2012,Casual,Reid & Taylor Men Casual Black Wallet
5848,Men,Apparel,Topwear,Tshirts,Grey,Summer,2011,Sports,Puma Men's Summer Graphic Grey T-shirt
19077,Women,Apparel,Topwear,Kurtas,Red,Fall,2011,Ethnic,W Women Round Bottom Red Kurta
40139,Boys,Apparel,Topwear,Tshirts,Navy Blue,Summer,2012,Casual,Gini and JonyBoys Around The World Navy Blue T-shirt
38609,Men,Apparel,Topwear,Tshirts,Blue,Summer,2012,Casual,Nike Men Printed Blue T-shirt
51424,Men,Apparel,Topwear,Shirts,White,Summer,2012,Formal,Myntra Men White Shirt
4300,Men,Apparel,Topwear,Tshirts,Green,Summer,2011,Casual,Tantra Men's Guitar Gods Green T-shirt
32619,Men,Apparel,Topwear,Tshirts,Black,Spring,2014,Sports,Nike Men Legend Poly Black T-shirt
43063,Men,Apparel,Topwear,Tshirts,Red,Summer,2012,Casual,Nike Men Red Portugal Football T-shirt
43217,Women,Accessories,Watches,Watches,Black,Winter,2016,Casual,Fastrack Women Black Dial Watch
59777,Women,Accessories,Jewellery,Bracelet,Gold,Winter,2016,Casual,Estelle Women Gold Bracelet
44253,Women,Accessories,Wallets,Wallets,Black,Fall,2012,Casual,Hidekraft Women Black Leather Wallet
42920,Women,Accessories,Wallets,Wallets,Grey,Summer,2012,Casual,French Connection Women Grey Wallet
31619,Men,Apparel,Topwear,Shirts,Maroon,Summer,2012,Formal,Indigo Nation Men Maroon Shirt
29892,Women,Accessories,Eyewear,Sunglasses,Brown,Winter,2016,Casual,Mayhem Women Sunglasses 1012-102
17695,Men,Footwear,Shoes,Casual Shoes,Maroon,Fall,2011,Casual,Vans Men Authentic Maroon Casual Shoes
6894,Women,Apparel,Topwear,Tops,White,Summer,2011,Casual,Forever New Women Floral Multiprint White Top
9042,Men,Footwear,Shoes,Formal Shoes,Brown,Winter,2011,Formal,Buckaroo Men Moles Brown Formal Shoes
6187,Women,Footwear,Flip Flops,Flip Flops,Green,Summer,2011,Casual,ADIDAS Women's Young Lives Green Flip Flop
21526,Women,Accessories,Bags,Handbags,Red,Winter,2015,Casual,Kiara Women Glossy Red Handbag
51596,Women,Apparel,Bottomwear,Jeans,Black,Summer,2012,Casual,Wrangler Women Black Molly Jeans
56583,Women,Personal Care,Makeup,Highlighter and Blush,Skin,Spring,2017,,Streetwear Crystal Shine Face Brightener
57264,Women,Free Items,Free Gifts,Free Gifts,Black,Summer,2015,Casual,Murcia Women Black Handbag
25933,Women,Accessories,Scarves,Scarves,Brown,Summer,2012,Casual,Femella Women Brown Scarf
25449,Women,Footwear,Flip Flops,Flip Flops,Green,Summer,2012,Casual,Nike Women Snapper Thong Flip Flop
7909,Men,Apparel,Topwear,Tshirts,Navy Blue,Fall,2011,Casual,Proline Men Navy & Cream Striped Polo T-shirt
48118,Women,Accessories,Belts,Belts,Brown,Summer,2012,Casual,Fossil Women Brown Sasha Belt
48636,Women,Accessories,Jewellery,Earrings,Silver,Summer,2013,Casual,Lucera Women Silver Earrings
37694,Unisex,Accessories,Bags,Backpacks,Black,Summer,2012,Casual,American Tourister Unisex Black Backpack
50992,Women,Apparel,Loungewear and Nightwear,Nightdress,Beige,Summer,2017,Casual,Enamor Women Beige Nightdress
12598,Unisex,Apparel,Topwear,Tshirts,Orange,Fall,2011,Casual,Tantra Unisex Printed Orange Tshirts
40428,Women,Apparel,Bottomwear,Skirts,Grey,Summer,2012,Formal,Tonga Women Grey Formal Skirt
18499,Men,Apparel,Topwear,Sweaters,Navy Blue,Fall,2011,Casual,Puma Men Striped Navy Blue Sweater
44903,Men,Apparel,Topwear,Tshirts,Blue,Summer,2012,Casual,Puma Men Blue Graphic T-shirt
37709,Men,Footwear,Shoes,Sports Shoes,Black,Summer,2012,Sports,Fila Men Black Top Fuel Sports Shoes
24533,Women,Apparel,Topwear,Kurtas,Pink,Fall,2011,Ethnic,Mother Earth Women Pink Printed Kurta
38533,Men,Footwear,Shoes,Casual Shoes,White,Summer,2012,Casual,Puma Men White Future Cat Shoes
53377,Unisex,Accessories,Bags,Messenger Bag,Fluorescent Green,Fall,2014,Casual,Puma Unisex Fluorescent Green & Black Bolt LS Messenger Bag
29193,Women,Accessories,Bags,Handbags,Multi,Summer,2012,Casual,United Colors of Benetton Women Multi Coloured Handbag
26116,Men,Apparel,Topwear,Shirts,Blue,Summer,2012,Formal,John Miller Men Striped Blue Shirt
48401,Men,Apparel,Topwear,Tshirts,Cream,Summer,2012,Casual,French Connection Men Cream T-shirt
24841,Women,Apparel,Topwear,Tshirts,Yellow,Summer,2015,Casual,Wildcraft Women Yellow Printed T-shirt
5421,Boys,Apparel,Topwear,Tshirts,White,Summer,2011,Casual,Ant Kids Boy's Love This Game White Kidswear
31694,Women,Apparel,Topwear,Kurtas,Green,Summer,2012,Ethnic,Folklore Women Printed Green Kurta
26988,Women,Apparel,Bottomwear,Jeggings,Blue,Fall,2012,Casual,Jealous 21 Women Blue Jeggings
15703,Men,Apparel,Topwear,Shirts,White,Fall,2011,Casual,Spykar Men Check White Shirts
45578,Men,Footwear,Sandal,Sandals,Brown,Summer,2012,Casual,Arrow Men Brown Sandals
26902,Women,Apparel,Topwear,Tops,Lavender,Summer,2012,Casual,Jealous 21 Women Printed Lavender Top
35657,Men,Footwear,Shoes,Formal Shoes,Brown,Summer,2013,Casual,U.S. Polo Assn. Men Brown Shoes
28933,Men,Apparel,Topwear,Tshirts,Teal,Summer,2012,Casual,Mr. Men Printed Teal T-shirt
7645,Men,Apparel,Topwear,Tshirts,Black,Fall,2011,Sports,Puma Men's Ducati Logo Black T-shirt
35786,Women,Footwear,Shoes,Flats,Blue,Summer,2010,Casual,Enroute Women Bluish Grey Shoes
47109,Boys,Footwear,Shoes,Casual Shoes,White,Fall,2012,Casual,Marvel Boys White Shoes
4524,Men,Footwear,Shoes,Sports Shoes,Black,Summer,2011,Sports,Puma Men's YugoRun Black White Shoe
4413,Men,Apparel,Topwear,Tshirts,Brown,Summer,2011,Casual,Nirvana Men's Wings Brown T-shirt
55622,Men,Footwear,Shoes,Formal Shoes,Brown,Summer,2012,Formal,Numero Uno Men Brown Formal Shoes
38239,Men,Accessories,Eyewear,Sunglasses,Brown,Winter,2016,Casual,Polaroid Men Sunglasses
25532,Men,Apparel,Topwear,Shirts,Purple,Summer,2012,Casual,Wrangler Men Benefica Purple Shirt
57727,Women,Personal Care,Lips,Lip Gloss,Pink,Spring,2017,,Lotus Herbals Seduction Cranberry Punch Lip Gloss 30
34444,Women,Apparel,Topwear,Tshirts,Peach,Summer,2012,Casual,Myntra Women Peach Peace Love Chocolate T-shirt
41752,Boys,Apparel,Topwear,Tshirts,Yellow,Summer,2012,Casual,Doodle Boys Printed Yellow T-shirt
,,,,,,,,,
,,,,,,,,,
,,,,,,,,,
,,,,,,,,,
,,,,,,,,,
,,,,,,,,,
,,,,,,,,,
,,,,,,,,,
,,,,,,,,,
,,,,,,,,,
,,,,,,,,,
,,,,,,,,,
,,,,,,,,,
,,,,,,,,,
,,,,,,,,,
,,,,,,,,,
,,,,,,,,,
,,,,,,,,,
,,,,,,,,,
,,,,,,,,,
,,,,,,,,,
,,,,,,,,,
,,,,,,,,,
,,,,,,,,,
,,,,,,,,,
,,,,,,,,,
,,,,,,,,,
,,,,,,,,,
,,,,,,,,,
,,,,,,,,,
,,,,,,,,,
,,,,,,,,,
,,,,,,,,,
,,,,,,,,,
,,,,,,,,,
,,,,,,,,,
,,,,,,,,,
,,,,,,,,,
,,,,,,,,,
,,,,,,,,,
,,,,,,,,,
,,,,,,,,,
,,,,,,,,,
,,,,,,,,,
,,,,,,,,,
,,,,,,,,,
,,,,,,,,,
,,,,,,,,,
,,,,,,,,,
,,,,,,,,,
,,,,,,,,,
,,,,,,,,,
,,,,,,,,,
,,,,,,,,,
,,,,,,,,,
,,,,,,,,,
,,,,,,,,,
,,,,,,,,,
,,,,,,,,,
,,,,,,,,,
,,,,,,,,,
,,,,,,,,,
,,,,,,,,,
,,,,,,,,,
,,,,,,,,,
,,,,,,,,,
,,,,,,,,,
,,,,,,,,,
,,,,,,,,,
,,,,,,,,,
,,,,,,,,,
,,,,,,,,,
,,,,,,,,,
,,,,,,,,,
,,,,,,,,,
,,,,,,,,,
,,,,,,,,,
,,,,,,,,,
,,,,,,,,,
,,,,,,,,,
,,,,,,,,,
,,,,,,,,,
,,,,,,,,,
,,,,,,,,,
,,,,,,,,,
,,,,,,,,,
,,,,,,,,,
,,,,,,,,,
,,,,,,,,,
,,,,,,,,,
,,,,,,,,,
,,,,,,,,,
,,,,,,,,,
,,,,,,,,,
,,,,,,,,,
,,,,,,,,,
,,,,,,,,,
,,,,,,,,,
,,,,,,,,,
,,,,,,,,,
,,,,,,,,,
,,,,,,,,,
,,,,,,,,,
,,,,,,,,,
,,,,,,,,,
,,,,,,,,,
,,,,,,,,,
,,,,,,,,,
,,,,,,,,,
,,,,,,,,,
,,,,,,,,,
,,,,,,,,,
,,,,,,,,,
,,,,,,,,,
,,,,,,,,,
,,,,,,,,,
,,,,,,,,,
,,,,,,,,,
,,,,,,,,,
,,,,,,,,,
,,,,,,,,,
,,,,,,,,,
,,,,,,,,,
,,,,,,,,,
,,,,,,,,,
,,,,,,,,,
,,,,,,,,,
,,,,,,,,,
,,,,,,,,,
,,,,,,,,,
,,,,,,,,,
,,,,,,,,,
,,,,,,,,,
,,,,,,,,,
,,,,,,,,,
,,,,,,,,,
,,,,,,,,,
,,,,,,,,,
,,,,,,,,,
,,,,,,,,,
,,,,,,,,,
,,,,,,,,,
,,,,,,,,,
,,,,,,,,,
,,,,,,,,,
,,,,,,,,,
,,,,,,,,,
,,,,,,,,,
,,,,,,,,,
,,,,,,,,,
,,,,,,,,,
,,,,,,,,,
,,,,,,,,,
,,,,,,,,,
,,,,,,,,,
,,,,,,,,,
,,,,,,,,,
,,,,,,,,,
,,,,,,,,,
,,,,,,,,,
,,,,,,,,,
,,,,,,,,,
,,,,,,,,,
,,,,,,,,,
,,,,,,,,,
,,,,,,,,,
,,,,,,,,,
,,,,,,,,,
,,,,,,,,,
,,,,,,,,,
,,,,,,,,,
,,,,,,,,,
,,,,,,,,,
,,,,,,,,,
,,,,,,,,,
,,,,,,,,,
,,,,,,,,,
,,,,,,,,,
,,,,,,,,,
,,,,,,,,,
,,,,,,,,,
,,,,,,,,,
,,,,,,,,,
,,,,,,,,,
,,,,,,,,,
,,,,,,,,,
,,,,,,,,,
,,,,,,,,,
,,,,,,,,,
,,,,,,,,,
,,,,,,,,,
,,,,,,,,,
,,,,,,,,,
,,,,,,,,,
,,,,,,,,,
,,,,,,,,,
,,,,,,,,,
,,,,,,,,,
,,,,,,,,,
,,,,,,,,,
,,,,,,,,,
,,,,,,,,,
,,,,,,,,,
,,,,,,,,,
,,,,,,,,,
,,,,,,,,,
,,,,,,,,,
,,,,,,,,,
,,,,,,,,,
,,,,,,,,,
,,,,,,,,,
,,,,,,,,,
,,,,,,,,,
,,,,,,,,,
,,,,,,,,,
,,,,,,,,,
,,,,,,,,,
,,,,,,,,,
,,,,,,,,,
,,,,,,,,,
,,,,,,,,,
,,,,,,,,,
,,,,,,,,,
,,,,,,,,,
,,,,,,,,,
,,,,,,,,,
,,,,,,,,,
,,,,,,,,,
,,,,,,,,,
,,,,,,,,,
,,,,,,,,,
,,,,,,,,,
,,,,,,,,,
,,,,,,,,,
,,,,,,,,,
,,,,,,,,,
,,,,,,,,,
,,,,,,,,,
,,,,,,,,,
,,,,,,,,,
,,,,,,,,,
,,,,,,,,,
,,,,,,,,,
,,,,,,,,,
,,,,,,,,,
,,,,,,,,,
,,,,,,,,,
,,,,,,,,,
,,,,,,,,,
,,,,,,,,,
,,,,,,,,,
,,,,,,,,,
,,,,,,,,,
,,,,,,,,,
,,,,,,,,,
,,,,,,,,,
,,,,,,,,,
,,,,,,,,,
,,,,,,,,,
,,,,,,,,,
,,,,,,,,,
,,,,,,,,,
,,,,,,,,,
,,,,,,,,,
,,,,,,,,,
,,,,,,,,,
,,,,,,,,,
,,,,,,,,,
,,,,,,,,,
,,,,,,,,,
,,,,,,,,,
,,,,,,,,,
,,,,,,,,,
,,,,,,,,,
,,,,,,,,,
,,,,,,,,,
,,,,,,,,,
,,,,,,,,,
,,,,,,,,,
,,,,,,,,,
,,,,,,,,,
,,,,,,,,,
,,,,,,,,,
,,,,,,,,,
,,,,,,,,,
,,,,,,,,,
,,,,,,,,,
,,,,,,,,,
,,,,,,,,,
,,,,,,,,,
,,,,,,,,,
,,,,,,,,,
,,,,,,,,,
,,,,,,,,,
,,,,,,,,,
,,,,,,,,,
,,,,,,,,,
,,,,,,,,,
,,,,,,,,,
,,,,,,,,,
,,,,,,,,,
,,,,,,,,,
,,,,,,,,,
,,,,,,,,,
,,,,,,,,,
,,,,,,,,,
,,,,,,,,,
,,,,,,,,,
,,,,,,,,,
,,,,,,,,,
,,,,,,,,,
,,,,,,,,,
,,,,,,,,,
,,,,,,,,,
,,,,,,,,,
,,,,,,,,,
,,,,,,,,,
,,,,,,,,,
,,,,,,,,,
,,,,,,,,,
,,,,,,,,,
,,,,,,,,,
,,,,,,,,,
,,,,,,,,,
,,,,,,,,,
,,,,,,,,,
,,,,,,,,,
,,,,,,,,,
,,,,,,,,,
,,,,,,,,,
,,,,,,,,,
,,,,,,,,,
,,,,,,,,,
,,,,,,,,,
,,,,,,,,,
,,,,,,,,,
,,,,,,,,,
,,,,,,,,,
,,,,,,,,,
,,,,,,,,,
,,,,,,,,,
,,,,,,,,,
,,,,,,,,,
,,,,,,,,,
,,,,,,,,,
,,,,,,,,,
,,,,,,,,,
,,,,,,,,,
,,,,,,,,,
,,,,,,,,,
,,,,,,,,,
,,,,,,,,,
,,,,,,,,,
,,,,,,,,,
,,,,,,,,,
,,,,,,,,,
,,,,,,,,,
,,,,,,,,,
,,,,,,,,,
,,,,,,,,,
,,,,,,,,,
,,,,,,,,,
,,,,,,,,,
,,,,,,,,,
,,,,,,,,,
,,,,,,,,,
,,,,,,,,,
,,,,,,,,,
,,,,,,,,,
,,,,,,,,,
,,,,,,,,,
,,,,,,,,,
,,,,,,,,,
,,,,,,,,,
,,,,,,,,,
,,,,,,,,,
,,,,,,,,,
,,,,,,,,,
,,,,,,,,,
,,,,,,,,,
,,,,,,,,,
,,,,,,,,,
,,,,,,,,,
,,,,,,,,,
,,,,,,,,,
,,,,,,,,,
,,,,,,,,,
,,,,,,,,,
,,,,,,,,,
,,,,,,,,,
,,,,,,,,,
,,,,,,,,,
,,,,,,,,,
,,,,,,,,,
,,,,,,,,,
,,,,,,,,,
,,,,,,,,,
,,,,,,,,,
,,,,,,,,,
,,,,,,,,,
,,,,,,,,,
,,,,,,,,,
,,,,,,,,,
,,,,,,,,,
,,,,,,,,,
,,,,,,,,,
,,,,,,,,,
,,,,,,,,,
,,,,,,,,,
,,,,,,,,,
,,,,,,,,,
,,,,,,,,,
,,,,,,,,,
,,,,,,,,,
,,,,,,,,,
,,,,,,,,,
,,,,,,,,,
,,,,,,,,,
,,,,,,,,,
,,,,,,,,,
,,,,,,,,,
,,,,,,,,,
,,,,,,,,,
,,,,,,,,,
,,,,,,,,,
,,,,,,,,,
,,,,,,,,,
,,,,,,,,,
,,,,,,,,,
,,,,,,,,,
,,,,,,,,,
,,,,,,,,,
,,,,,,,,,
,,,,,,,,,
,,,,,,,,,
,,,,,,,,,
,,,,,,,,,
,,,,,,,,,
,,,,,,,,,
,,,,,,,,,
,,,,,,,,,
,,,,,,,,,
,,,,,,,,,
,,,,,,,,,
,,,,,,,,,
,,,,,,,,,
,,,,,,,,,
,,,,,,,,,
,,,,,,,,,
,,,,,,,,,
,,,,,,,,,
,,,,,,,,,
,,,,,,,,,
,,,,,,,,,
,,,,,,,,,
,,,,,,,,,
,,,,,,,,,
,,,,,,,,,
,,,,,,,,,
,,,,,,,,,
,,,,,,,,,
,,,,,,,,,
,,,,,,,,,
,,,,,,,,,
,,,,,,,,,
,,,,,,,,,
,,,,,,,,,
,,,,,,,,,
,,,,,,,,,
,,,,,,,,,
,,,,,,,,,
,,,,,,,,,
,,,,,,,,,
,,,,,,,,,
,,,,,,,,,
,,,,,,,,,
,,,,,,,,,
,,,,,,,,,
,,,,,,,,,
,,,,,,,,,
,,,,,,,,,
,,,,,,,,,
,,,,,,,,,
,,,,,,,,,
,,,,,,,,,
,,,,,,,,,
,,,,,,,,,
,,,,,,,,,
,,,,,,,,,
,,,,,,,,,
,,,,,,,,,
,,,,,,,,,
,,,,,,,,,
,,,,,,,,,
,,,,,,,,,
,,,,,,,,,
,,,,,,,,,
,,,,,,,,,
,,,,,,,,,
,,,,,,,,,
,,,,,,,,,
,,,,,,,,,
,,,,,,,,,
,,,,,,,,,
,,,,,,,,,
,,,,,,,,,
,,,,,,,,,
,,,,,,,,,
,,,,,,,,,
,,,,,,,,,
,,,,,,,,,
,,,,,,,,,
,,,,,,,,,
,,,,,,,,,
,,,,,,,,,
,,,,,,,,,
,,,,,,,,,
,,,,,,,,,
,,,,,,,,,
,,,,,,,,,
,,,,,,,,,
,,,,,,,,,
,,,,,,,,,
,,,,,,,,,
,,,,,,,,,
,,,,,,,,,
,,,,,,,,,
,,,,,,,,,
,,,,,,,,,
,,,,,,,,,
,,,,,,,,,
,,,,,,,,,
,,,,,,,,,
,,,,,,,,,
,,,,,,,,,
,,,,,,,,,
,,,,,,,,,
,,,,,,,,,
,,,,,,,,,
,,,,,,,,,
,,,,,,,,,
,,,,,,,,,
,,,,,,,,,
,,,,,,,,,
,,,,,,,,,
,,,,,,,,,
,,,,,,,,,
,,,,,,,,,
,,,,,,,,,
,,,,,,,,,
,,,,,,,,,
,,,,,,,,,
,,,,,,,,,
,,,,,,,,,
,,,,,,,,,
,,,,,,,,,
,,,,,,,,,
,,,,,,,,,
,,,,,,,,,
,,,,,,,,,
,,,,,,,,,
,,,,,,,,,
,,,,,,,,,
,,,,,,,,,
,,,,,,,,,
,,,,,,,,,
,,,,,,,,,
,,,,,,,,,
,,,,,,,,,
,,,,,,,,,
,,,,,,,,,
,,,,,,,,,
,,,,,,,,,
,,,,,,,,,
,,,,,,,,,
,,,,,,,,,
,,,,,,,,,
,,,,,,,,,
,,,,,,,,,
,,,,,,,,,
,,,,,,,,,
,,,,,,,,,
,,,,,,,,,
,,,,,,,,,
,,,,,,,,,
,,,,,,,,,
,,,,,,,,,
,,,,,,,,,
,,,,,,,,,
,,,,,,,,,
,,,,,,,,,
,,,,,,,,,
,,,,,,,,,
,,,,,,,,,
,,,,,,,,,
,,,,,,,,,
,,,,,,,,,
,,,,,,,,,
,,,,,,,,,
,,,,,,,,,
,,,,,,,,,
,,,,,,,,,
,,,,,,,,,
,,,,,,,,,
,,,,,,,,,
,,,,,,,,,
,,,,,,,,,
,,,,,,,,,
,,,,,,,,,
,,,,,,,,,
,,,,,,,,,
,,,,,,,,,
,,,,,,,,,
,,,,,,,,,
,,,,,,,,,
,,,,,,,,,
,,,,,,,,,
,,,,,,,,,
,,,,,,,,,
,,,,,,,,,
,,,,,,,,,
,,,,,,,,,
,,,,,,,,,
,,,,,,,,,
,,,,,,,,,
,,,,,,,,,
,,,,,,,,,
,,,,,,,,,
,,,,,,,,,
,,,,,,,,,
,,,,,,,,,
,,,,,,,,,
,,,,,,,,,
,,,,,,,,,
,,,,,,,,,
,,,,,,,,,
,,,,,,,,,
,,,,,,,,,
,,,,,,,,,
,,,,,,,,,
,,,,,,,,,
,,,,,,,,,
,,,,,,,,,
,,,,,,,,,
,,,,,,,,,
,,,,,,,,,
,,,,,,,,,
,,,,,,,,,
,,,,,,,,,
,,,,,,,,,
,,,,,,,,,
,,,,,,,,,
,,,,,,,,,
,,,,,,,,,
,,,,,,,,,
,,,,,,,,,
,,,,,,,,,
,,,,,,,,,
,,,,,,,,,
,,,,,,,,,
,,,,,,,,,
,,,,,,,,,
,,,,,,,,,
,,,,,,,,,
,,,,,,,,,
,,,,,,,,,
,,,,,,,,,
,,,,,,,,,
,,,,,,,,,
,,,,,,,,,
,,,,,,,,,
,,,,,,,,,
,,,,,,,,,
,,,,,,,,,
,,,,,,,,,
,,,,,,,,,
,,,,,,,,,
,,,,,,,,,
,,,,,,,,,
,,,,,,,,,
,,,,,,,,,
,,,,,,,,,
,,,,,,,,,
,,,,,,,,,
,,,,,,,,,
,,,,,,,,,
,,,,,,,,,
,,,,,,,,,
,,,,,,,,,
,,,,,,,,,
,,,,,,,,,
,,,,,,,,,
,,,,,,,,,
,,,,,,,,,
,,,,,,,,,
,,,,,,,,,
,,,,,,,,,
,,,,,,,,,
,,,,,,,,,
,,,,,,,,,
,,,,,,,,,
,,,,,,,,,
,,,,,,,,,
,,,,,,,,,
,,,,,,,,,
,,,,,,,,,
,,,,,,,,,
,,,,,,,,,
,,,,,,,,,
,,,,,,,,,
,,,,,,,,,
,,,,,,,,,
,,,,,,,,,
,,,,,,,,,
,,,,,,,,,
,,,,,,,,,
,,,,,,,,,
,,,,,,,,,
,,,,,,,,,
,,,,,,,,,
,,,,,,,,,
,,,,,,,,,
,,,,,,,,,
,,,,,,,,,
,,,,,,,,,
,,,,,,,,,
,,,,,,,,,
,,,,,,,,,
,,,,,,,,,
,,,,,,,,,
,,,,,,,,,
,,,,,,,,,
,,,,,,,,,
,,,,,,,,,
,,,,,,,,,
,,,,,,,,,
,,,,,,,,,
,,,,,,,,,
,,,,,,,,,
,,,,,,,,,
,,,,,,,,,
,,,,,,,,,
,,,,,,,,,
,,,,,,,,,
,,,,,,,,,
,,,,,,,,,
,,,,,,,,,
,,,,,,,,,
,,,,,,,,,
,,,,,,,,,
,,,,,,,,,
,,,,,,,,,
,,,,,,,,,
,,,,,,,,,
,,,,,,,,,
,,,,,,,,,
,,,,,,,,,
,,,,,,,,,
,,,,,,,,,
,,,,,,,,,
,,,,,,,,,
,,,,,,,,,
,,,,,,,,,
,,,,,,,,,
,,,,,,,,,
,,,,,,,,,
,,,,,,,,,
,,,,,,,,,
,,,,,,,,,
,,,,,,,,,
,,,,,,,,,
,,,,,,,,,
,,,,,,,,,
,,,,,,,,,
,,,,,,,,,
,,,,,,,,,
,,,,,,,,,
,,,,,,,,,
,,,,,,,,,
,,,,,,,,,
,,,,,,,,,
,,,,,,,,,
,,,,,,,,,
,,,,,,,,,
,,,,,,,,,
,,,,,,,,,
,,,,,,,,,
,,,,,,,,,
,,,,,,,,,
,,,,,,,,,
,,,,,,,,,
,,,,,,,,,
,,,,,,,,,
,,,,,,,,,
,,,,,,,,,
,,,,,,,,,
,,,,,,,,,
,,,,,,,,,
,,,,,,,,,
,,,,,,,,,
,,,,,,,,,
,,,,,,,,,
,,,,,,,,,
,,,,,,,,,
,,,,,,,,,
,,,,,,,,,
,,,,,,,,,
,,,,,,,,,
,,,,,,,,,
,,,,,,,,,
,,,,,,,,,
,,,,,,,,,
,,,,,,,,,
,,,,,,,,,
,,,,,,,,,
,,,,,,,,,
,,,,,,,,,
,,,,,,,,,
,,,,,,,,,
,,,,,,,,,
,,,,,,,,,
,,,,,,,,,
,,,,,,,,,
,,,,,,,,,
,,,,,,,,,
,,,,,,,,,
,,,,,,,,,
,,,,,,,,,
,,,,,,,,,
,,,,,,,,,
,,,,,,,,,
,,,,,,,,,
,,,,,,,,,
,,,,,,,,,
,,,,,,,,,
,,,,,,,,,
,,,,,,,,,
,,,,,,,,,
,,,,,,,,,
,,,,,,,,,
,,,,,,,,,
,,,,,,,,,
,,,,,,,,,
,,,,,,,,,
,,,,,,,,,
,,,,,,,,,
,,,,,,,,,
,,,,,,,,,
,,,,,,,,,
,,,,,,,,,
,,,,,,,,,
,,,,,,,,,
,,,,,,,,,
,,,,,,,,,
,,,,,,,,,
,,,,,,,,,
,,,,,,,,,
,,,,,,,,,
,,,,,,,,,
,,,,,,,,,
,,,,,,,,,
,,,,,,,,,
,,,,,,,,,
,,,,,,,,,
,,,,,,,,,
,,,,,,,,,
,,,,,,,,,
,,,,,,,,,
,,,,,,,,,
,,,,,,,,,
,,,,,,,,,
,,,,,,,,,
,,,,,,,,,
,,,,,,,,,
,,,,,,,,,
,,,,,,,,,
,,,,,,,,,
,,,,,,,,,
,,,,,,,,,
,,,,,,,,,
,,,,,,,,,
,,,,,,,,,
,,,,,,,,,
,,,,,,,,,
,,,,,,,,,
,,,,,,,,,
,,,,,,,,,
,,,,,,,,,
,,,,,,,,,
,,,,,,,,,
,,,,,,,,,
,,,,,,,,,
,,,,,,,,,
,,,,,,,,,
,,,,,,,,,
,,,,,,,,,
,,,,,,,,,
,,,,,,,,,
,,,,,,,,,
,,,,,,,,,
,,,,,,,,,
,,,,,,,,,
,,,,,,,,,
,,,,,,,,,
,,,,,,,,,
,,,,,,,,,
,,,,,,,,,
,,,,,,,,,
,,,,,,,,,
,,,,,,,,,
,,,,,,,,,
,,,,,,,,,
,,,,,,,,,
,,,,,,,,,
,,,,,,,,,
,,,,,,,,,
,,,,,,,,,
,,,,,,,,,
,,,,,,,,,
,,,,,,,,,
,,,,,,,,,
,,,,,,,,,
,,,,,,,,,
,,,,,,,,,
,,,,,,,,,
,,,,,,,,,
,,,,,,,,,
,,,,,,,,,
,,,,,,,,,
,,,,,,,,,
,,,,,,,,,
,,,,,,,,,
,,,,,,,,,
,,,,,,,,,
,,,,,,,,,
,,,,,,,,,
,,,,,,,,,
,,,,,,,,,
,,,,,,,,,
,,,,,,,,,
,,,,,,,,,
,,,,,,,,,
,,,,,,,,,
,,,,,,,,,
,,,,,,,,,
,,,,,,,,,
,,,,,,,,,
,,,,,,,,,
,,,,,,,,,
,,,,,,,,,
,,,,,,,,,
,,,,,,,,,
,,,,,,,,,
,,,,,,,,,
,,,,,,,,,
,,,,,,,,,
,,,,,,,,,
,,,,,,,,,
,,,,,,,,,
,,,,,,,,,
,,,,,,,,,
,,,,,,,,,
,,,,,,,,,
,,,,,,,,,
,,,,,,,,,
,,,,,,,,,
,,,,,,,,,
,,,,,,,,,
,,,,,,,,,
,,,,,,,,,
,,,,,,,,,
,,,,,,,,,
,,,,,,,,,
,,,,,,,,,
,,,,,,,,,
,,,,,,,,,
,,,,,,,,,
,,,,,,,,,
,,,,,,,,,
,,,,,,,,,
,,,,,,,,,
,,,,,,,,,
,,,,,,,,,
,,,,,,,,,
,,,,,,,,,
,,,,,,,,,
,,,,,,,,,
,,,,,,,,,
,,,,,,,,,
,,,,,,,,,
,,,,,,,,,
,,,,,,,,,
,,,,,,,,,
,,,,,,,,,
,,,,,,,,,
,,,,,,,,,
,,,,,,,,,
,,,,,,,,,
,,,,,,,,,
,,,,,,,,,
,,,,,,,,,
,,,,,,,,,
,,,,,,,,,
,,,,,,,,,
,,,,,,,,,
,,,,,,,,,
,,,,,,,,,
,,,,,,,,,
,,,,,,,,,
,,,,,,,,,
,,,,,,,,,
,,,,,,,,,
,,,,,,,,,
,,,,,,,,,
,,,,,,,,,
,,,,,,,,,
,,,,,,,,,
,,,,,,,,,
,,,,,,,,,
,,,,,,,,,
,,,,,,,,,
,,,,,,,,,
,,,,,,,,,
,,,,,,,,,
,,,,,,,,,
,,,,,,,,,
,,,,,,,,,
,,,,,,,,,
,,,,,,,,,
,,,,,,,,,
,,,,,,,,,
,,,,,,,,,
,,,,,,,,,
,,,,,,,,,
,,,,,,,,,
,,,,,,,,,
,,,,,,,,,
,,,,,,,,,
,,,,,,,,,
,,,,,,,,,
,,,,,,,,,
,,,,,,,,,
,,,,,,,,,
,,,,,,,,,
,,,,,,,,,
,,,,,,,,,
,,,,,,,,,
,,,,,,,,,
,,,,,,,,,
,,,,,,,,,
,,,,,,,,,
,,,,,,,,,
,,,,,,,,,
,,,,,,,,,
,,,,,,,,,
,,,,,,,,,
,,,,,,,,,
,,,,,,,,,
,,,,,,,,,
,,,,,,,,,
,,,,,,,,,
,,,,,,,,,
,,,,,,,,,
,,,,,,,,,
,,,,,,,,,
,,,,,,,,,
,,,,,,,,,
,,,,,,,,,
,,,,,,,,,
,,,,,,,,,
,,,,,,,,,
,,,,,,,,,
,,,,,,,,,
,,,,,,,,,
,,,,,,,,,
,,,,,,,,,
,,,,,,,,,
,,,,,,,,,
,,,,,,,,,
,,,,,,,,,
,,,,,,,,,
,,,,,,,,,
,,,,,,,,,
,,,,,,,,,
,,,,,,,,,
,,,,,,,,,
,,,,,,,,,
,,,,,,,,,
,,,,,,,,,
,,,,,,,,,
,,,,,,,,,
,,,,,,,,,
,,,,,,,,,
,,,,,,,,,
,,,,,,,,,
,,,,,,,,,
,,,,,,,,,
,,,,,,,,,
,,,,,,,,,
,,,,,,,,,
,,,,,,,,,
,,,,,,,,,
,,,,,,,,,
,,,,,,,,,
,,,,,,,,,
,,,,,,,,,
,,,,,,,,,
,,,,,,,,,
,,,,,,,,,
,,,,,,,,,
,,,,,,,,,
,,,,,,,,,
,,,,,,,,,
,,,,,,,,,
,,,,,,,,,
,,,,,,,,,
,,,,,,,,,
,,,,,,,,,
,,,,,,,,,
,,,,,,,,,
,,,,,,,,,
,,,,,,,,,
,,,,,,,,,
,,,,,,,,,
,,,,,,,,,
,,,,,,,,,
,,,,,,,,,
,,,,,,,,,
,,,,,,,,,
,,,,,,,,,
,,,,,,,,,
,,,,,,,,,
,,,,,,,,,
,,,,,,,,,
,,,,,,,,,
,,,,,,,,,
,,,,,,,,,
,,,,,,,,,
,,,,,,,,,
,,,,,,,,,
,,,,,,,,,
,,,,,,,,,
,,,,,,,,,
,,,,,,,,,
,,,,,,,,,
,,,,,,,,,
,,,,,,,,,
,,,,,,,,,
,,,,,,,,,
,,,,,,,,,
,,,,,,,,,
,,,,,,,,,
,,,,,,,,,
,,,,,,,,,
,,,,,,,,,
,,,,,,,,,
,,,,,,,,,
,,,,,,,,,
,,,,,,,,,
,,,,,,,,,
,,,,,,,,,
,,,,,,,,,
,,,,,,,,,
,,,,,,,,,
,,,,,,,,,
,,,,,,,,,
,,,,,,,,,
,,,,,,,,,
,,,,,,,,,
,,,,,,,,,
,,,,,,,,,
,,,,,,,,,
,,,,,,,,,
,,,,,,,,,
,,,,,,,,,
,,,,,,,,,
,,,,,,,,,
,,,,,,,,,
,,,,,,,,,
,,,,,,,,,
,,,,,,,,,
,,,,,,,,,
,,,,,,,,,
,,,,,,,,,
,,,,,,,,,
,,,,,,,,,
,,,,,,,,,
,,,,,,,,,
,,,,,,,,,
,,,,,,,,,
,,,,,,,,,
,,,,,,,,,
,,,,,,,,,
,,,,,,,,,
,,,,,,,,,
,,,,,,,,,
,,,,,,,,,
,,,,,,,,,
,,,,,,,,,
,,,,,,,,,
,,,,,,,,,
,,,,,,,,,
,,,,,,,,,
,,,,,,,,,
,,,,,,,,,
,,,,,,,,,
,,,,,,,,,
,,,,,,,,,
,,,,,,,,,
,,,,,,,,,
,,,,,,,,,
,,,,,,,,,
,,,,,,,,,
,,,,,,,,,
,,,,,,,,,
,,,,,,,,,
,,,,,,,,,
,,,,,,,,,
,,,,,,,,,
,,,,,,,,,
,,,,,,,,,
,,,,,,,,,
,,,,,,,,,
,,,,,,,,,
,,,,,,,,,
,,,,,,,,,
,,,,,,,,,
,,,,,,,,,
,,,,,,,,,
,,,,,,,,,
,,,,,,,,,
,,,,,,,,,
,,,,,,,,,
,,,,,,,,,
,,,,,,,,,
,,,,,,,,,
,,,,,,,,,
,,,,,,,,,
,,,,,,,,,
,,,,,,,,,
,,,,,,,,,
,,,,,,,,,
,,,,,,,,,
,,,,,,,,,
,,,,,,,,,
,,,,,,,,,
,,,,,,,,,
,,,,,,,,,
,,,,,,,,,
,,,,,,,,,
,,,,,,,,,
,,,,,,,,,
,,,,,,,,,
,,,,,,,,,
,,,,,,,,,
,,,,,,,,,
,,,,,,,,,
,,,,,,,,,
,,,,,,,,,
,,,,,,,,,
,,,,,,,,,
,,,,,,,,,
,,,,,,,,,
,,,,,,,,,
,,,,,,,,,
,,,,,,,,,
,,,,,,,,,
,,,,,,,,,
,,,,,,,,,
,,,,,,,,,
,,,,,,,,,
,,,,,,,,,
,,,,,,,,,
,,,,,,,,,
,,,,,,,,,
,,,,,,,,,
,,,,,,,,,
,,,,,,,,,
,,,,,,,,,
,,,,,,,,,
,,,,,,,,,
,,,,,,,,,
,,,,,,,,,
,,,,,,,,,
,,,,,,,,,
,,,,,,,,,
,,,,,,,,,
,,,,,,,,,
,,,,,,,,,
,,,,,,,,,
,,,,,,,,,
,,,,,,,,,
,,,,,,,,,
,,,,,,,,,
,,,,,,,,,
,,,,,,,,,
,,,,,,,,,
,,,,,,,,,
,,,,,,,,,
,,,,,,,,,
,,,,,,,,,
,,,,,,,,,
,,,,,,,,,
,,,,,,,,,
,,,,,,,,,
,,,,,,,,,
,,,,,,,,,
,,,,,,,,,
,,,,,,,,,
,,,,,,,,,
,,,,,,,,,
,,,,,,,,,
,,,,,,,,,
,,,,,,,,,
,,,,,,,,,
,,,,,,,,,
,,,,,,,,,
,,,,,,,,,
,,,,,,,,,
,,,,,,,,,
,,,,,,,,,
,,,,,,,,,
,,,,,,,,,
,,,,,,,,,
,,,,,,,,,
,,,,,,,,,
,,,,,,,,,
,,,,,,,,,
,,,,,,,,,
,,,,,,,,,
,,,,,,,,,
,,,,,,,,,
,,,,,,,,,
,,,,,,,,,
,,,,,,,,,
,,,,,,,,,
,,,,,,,,,
,,,,,,,,,
,,,,,,,,,
,,,,,,,,,
,,,,,,,,,
,,,,,,,,,
,,,,,,,,,
,,,,,,,,,
,,,,,,,,,
,,,,,,,,,
,,,,,,,,,
,,,,,,,,,
,,,,,,,,,
,,,,,,,,,
,,,,,,,,,
,,,,,,,,,
,,,,,,,,,
,,,,,,,,,
,,,,,,,,,
,,,,,,,,,
,,,,,,,,,
,,,,,,,,,
,,,,,,,,,
,,,,,,,,,
,,,,,,,,,
,,,,,,,,,
,,,,,,,,,
,,,,,,,,,
,,,,,,,,,
,,,,,,,,,
,,,,,,,,,
,,,,,,,,,
,,,,,,,,,
,,,,,,,,,
,,,,,,,,,
,,,,,,,,,
,,,,,,,,,
,,,,,,,,,
,,,,,,,,,
,,,,,,,,,
,,,,,,,,,
,,,,,,,,,
,,,,,,,,,
,,,,,,,,,
,,,,,,,,,
,,,,,,,,,
,,,,,,,,,
,,,,,,,,,
,,,,,,,,,
,,,,,,,,,
,,,,,,,,,
,,,,,,,,,
,,,,,,,,,
,,,,,,,,,
,,,,,,,,,
,,,,,,,,,
,,,,,,,,,
,,,,,,,,,
,,,,,,,,,
,,,,,,,,,
,,,,,,,,,
,,,,,,,,,
,,,,,,,,,
,,,,,,,,,
,,,,,,,,,
,,,,,,,,,
,,,,,,,,,
,,,,,,,,,
,,,,,,,,,
,,,,,,,,,
,,,,,,,,,
,,,,,,,,,
,,,,,,,,,
,,,,,,,,,
,,,,,,,,,
,,,,,,,,,
,,,,,,,,,
,,,,,,,,,
,,,,,,,,,
,,,,,,,,,
,,,,,,,,,
,,,,,,,,,
,,,,,,,,,
,,,,,,,,,
,,,,,,,,,
8523,Unisex,Accessories,Bags,Backpacks,Black,Summer,2011,Casual,Nike Unisex Nike Black graphic Blue  Backpacks
55477,Women,Personal Care,Lips,Lip Liner,Brown,Spring,2017,Casual,Revlon Colorstay Mulberry Lip Liner
56533,Women,Personal Care,Lips,Lipstick,Pink,Spring,2017,Casual,Streetwear Satin Smooth Fuschia Pink Lipcolor 27
47055,Women,Apparel,Bottomwear,Salwar,Brown,Summer,2012,Ethnic,Shree Women Brown Jodhpuri Salwar
33303,Boys,Apparel,Topwear,Tshirts,Red,Summer,2012,Casual,Gini and Jony Boys Pack of 2 T-shirts
18168,Girls,Apparel,Dress,Dresses,Pink,Fall,2011,Casual,Doodle Kids Girls Party Frock Pink Dress
40400,Women,Apparel,Topwear,Tops,Red,Summer,2012,Casual,Tonga Women Red & White Top
28175,Men,Accessories,Eyewear,Sunglasses,White,Winter,2016,Casual,Ray-Ban Men Aviator White Sunglasses
47600,Women,Footwear,Shoes,Flats,Brown,Winter,2012,Casual,Portia Women Maroon Flats
8292,Men,Apparel,Topwear,Tshirts,Blue,Fall,2011,Casual,Mr.Men Men's Royal Blue T-shirt
33412,Women,Accessories,Wallets,Wallets,Purple,Summer,2012,Casual,Baggit Women Wrap Index Purple Wallet
58900,Men,Accessories,Ties,Ties,Black,Summer,2017,Casual,Hakashi Men Black Silk Tie
28020,Men,Apparel,Innerwear,Briefs,Blue,Summer,2016,Casual,Jockey ELANCE Mens Blue Pack of two Briefs 1004
18696,Men,Apparel,Innerwear,Briefs,Black,Summer,2016,Casual,Hanes Men Black Ultimate Duo Dry Cotton Stretch Bikini Briefs
58941,Women,Accessories,Watches,Watches,White,Winter,2016,Casual,Tommy Hilfiger Women White Dial Watch TH1780808-D
6011,Men,Apparel,Topwear,Shirts,Purple,Summer,2011,Casual,Highlander Men Purple Grey Checked Shirt
13258,Girls,Apparel,Bottomwear,Shorts,Purple,Fall,2011,Casual,Gini and Jony Girls Purple Shorts
9266,Men,Apparel,Topwear,Shirts,Navy Blue,Fall,2011,Casual,Scullers Men Scul Blue Shirts
8205,Men,Apparel,Topwear,Tshirts,Navy Blue,Summer,2011,Casual,Locomotive Men Stripe Langley Navy Blue T-Shirts
51021,Women,Apparel,Innerwear,Bra,Maroon,Summer,2017,Casual,Enamor Wine Coloured Smooth Bra
49638,Women,Apparel,Topwear,Tops,Pink,Summer,2012,Casual,Mineral Women Pink Top
15266,Women,Footwear,Shoes,Casual Shoes,Gold,Fall,2011,Casual,ADIDAS Originals Women Top Ten HI Sleek Gold Casual Shoes
41332,Women,Apparel,Topwear,Dupatta,Green,Winter,2012,Ethnic,Aurelia Women Green Dupatta
34109,Girls,Apparel,Topwear,Tops,Blue,Summer,2012,Casual,Doodle Girls Printed Blue Top
4423,Men,Apparel,Topwear,Tshirts,Navy Blue,Summer,2011,Casual,Wrangler Men's Rover Med Stripe Polo Navy T-shirt
16621,Men,Apparel,Bottomwear,Trousers,Olive,Fall,2011,Casual,Probase Men Solid Olive Trouser
17192,Men,Apparel,Topwear,Shirts,Maroon,Winter,2016,Casual,U.S. Polo Assn. Men Stripes Maroon Shirt
16288,Men,Apparel,Topwear,Tshirts,Grey,Fall,2011,Casual,Peter England Men Printed Grey TShirt
54980,Women,Apparel,Dress,Dresses,Grey,Summer,2012,Casual,Femella Women Grey & Coral Dress
39242,Women,Apparel,Loungewear and Nightwear,Nightdress,Pink,Summer,2017,Casual,Femella Women Pink Nightdress
59556,Women,Accessories,Jewellery,Bangle,Gold,Summer,2013,Casual,Lucera Gold Plated Bangle
31592,Men,Apparel,Topwear,Tshirts,Navy Blue,Summer,2012,Casual,Mark Taylor Men Printed Navy Blue T-shirt
17053,Men,Footwear,Sandal,Sandals,Brown,Spring,2013,Casual,Gas Men Newport Slipper
44966,Men,Free Items,Free Gifts,Free Gifts,Gold,Winter,2016,Casual,Maxima Men Gold Dial Watch
21936,Women,Accessories,Bags,Handbags,Pink,Winter,2015,Casual,Murcia Women Casual Baby Pink Handbag
25585,Men,Footwear,Shoes,Sports Shoes,Silver,Summer,2012,Sports,Fila Men Redemption Silver Sports Shoes
16841,Women,Accessories,Eyewear,Sunglasses,Brown,Winter,2016,Casual,Idee Women Funky Eyewear Brown Sunglasses
23555,Men,Personal Care,Fragrance,Perfume and Body Mist,Black,Spring,2017,Casual,Police Dark Men Perfume
57137,Women,Apparel,Bottomwear,Trousers,Khaki,Summer,2012,Casual,Elle Women Khaki Trousers
30922,Women,Apparel,Bottomwear,Skirts,Rust,Summer,2012,Ethnic,Fabindia Women Printed Rust Skirt
32004,Men,Accessories,Socks,Socks,Beige,Summer,2016,Formal,Playboy Men Beige Socks
54187,Men,Apparel,Innerwear,Briefs,Charcoal,Summer,2016,Casual,Jockey MC Men Grey Pack of 2 Briefs 8003
4248,Men,Apparel,Topwear,Tshirts,Grey,Summer,2011,Casual,Probase Men's Mirror On The Grey T-shirt
38284,Boys,Apparel,Topwear,Tshirts,Green,Summer,2012,Casual,Marvel Boys Green Printed T-shirt
22581,Women,Apparel,Topwear,Sweatshirts,Purple,Fall,2011,Sports,Nike Women Solid Purple Sweatshirt
58222,Women,Apparel,Bottomwear,Jeans,Blue,Summer,2012,Casual,Vero Moda Women Blue Denim Jeans
35531,Girls,Footwear,Shoes,Casual Shoes,Red,Winter,2008,Casual,Enroute Teens Girls Red Ballet Flats
17406,Men,Accessories,Socks,Socks,Brown,Summer,2016,Casual,Reid & Taylor Men Stripes Brown Socks
15892,Girls,Footwear,Shoes,Casual Shoes,Blue,Spring,2013,Casual,Warner Bros Tweety Girls Blue and White Casual Shoes
8090,Men,Footwear,Sandal,Sandals,Grey,Fall,2011,Casual,ADIDAS Men Terra Sports Syn Grey Sandals
39616,Women,Footwear,Shoes,Casual Shoes,Yellow,Winter,2015,Casual,Catwalk Women Yellow Shoes
22042,Women,Apparel,Topwear,Kurtas,Blue,Fall,2011,Ethnic,Vishudh Women Printed Blue Kurta
1919,Men,Footwear,Shoes,Casual Shoes,Brown,Fall,2010,Casual,Puma Men's Choco Brown Casual Shoes
24183,Men,Footwear,Shoes,Casual Shoes,Navy Blue,Summer,2012,Casual,Converse Men Navy Blue Boat Shoes
2783,Men,Apparel,Topwear,Tshirts,Red,Summer,2011,Casual,Ediots Men's Bajau Kya Radio Red T-shirt
56166,Women,Personal Care,Makeup,Kajal and Eyeliner,Lavender,Spring,2017,Casual,Colorbar I-Define Silver Slate Eye Pencil 001
58024,Women,Accessories,Jewellery,Earrings,Gold,Fall,2012,Casual,Rreverie Golden & Turquoise Blue Earrings
43968,Men,Personal Care,Fragrance,Perfume and Body Mist,Red,Spring,2017,Casual,DKNY Men Red Delicious Men Spray Perfume
46759,Women,Personal Care,Fragrance,Perfume and Body Mist,Orange,Spring,2017,Casual,Giorgio Beverly Hills Women So You Perfume
9521,Men,Apparel,Topwear,Shirts,Blue,Fall,2011,Formal,John Miller Men Blue Striped Shirt
48523,Women,Apparel,Dress,Jumpsuit,Magenta,Winter,2011,Casual,French Connection Women Magenta Playsuit
34652,Men,Footwear,Shoes,Casual Shoes,Black,Summer,2012,Sports,Fila Men Salva Black Shoes
45609,Men,Footwear,Shoes,Formal Shoes,Black,Summer,2012,Formal,Arrow Men Black Formal Shoes
43506,Men,Apparel,Topwear,Tshirts,Blue,Summer,2012,Casual,French Connection Men Blue T-shirt
2353,Men,Footwear,Shoes,Sports Shoes,Grey,Summer,2010,Sports,Reebok Men Frisky Attraction Grey Shoe
42089,Men,Footwear,Shoes,Sports Shoes,White,Summer,2012,Sports,ADIDAS Men White Corona Sports Shoes
54573,Women,Apparel,Topwear,Kurtas,Coffee Brown,Summer,2012,Ethnic,Sushilas Women Coffee Brown Kurta
53053,Women,Apparel,Saree,Sarees,Multi,Fall,2012,Ethnic,FNF Multi Coloured Printed Sari
54580,Women,Apparel,Topwear,Kurtas,Red,Summer,2012,Ethnic,Sushilas Women Printed Red Kurta
56342,Men,Accessories,Watches,Watches,Silver,Winter,2016,Casual,Fastrack Men Silver Dial Watch
40697,Men,Footwear,Flip Flops,Flip Flops,Grey,Summer,2012,Casual,Numero Uno Men Grey Flip Flop
30196,Unisex,Accessories,Bags,Backpacks,Red,Summer,2012,Casual,Nike Unisex Casual Red Backpack
13188,Men,Footwear,Shoes,Sports Shoes,Black,Fall,2011,Sports,Fila Men Dls Spry Black Sports Shoes
39245,Men,Footwear,Shoes,Casual Shoes,Brown,Winter,2018,Casual,Red Chief Men Brown Shoes
16649,Men,Apparel,Topwear,Tshirts,Black,Summer,2016,Casual,Facit Men Polo Tee Black Tshirt
13836,Men,Apparel,Bottomwear,Shorts,Navy Blue,Fall,2011,Casual,Probase Men Solid Navy Blue Shorts
9450,Men,Apparel,Topwear,Shirts,White,Fall,2011,Formal,John Miller Men White & Blue Shirt
19860,Men,Apparel,Topwear,Jackets,Olive,Winter,2016,Casual,U.S. Polo Assn. Men Solid Olive Jacket
45785,Women,Footwear,Shoes,Flats,Black,Summer,2012,Casual,Senorita Women Black Sandals
40124,Boys,Apparel,Topwear,Tshirts,Blue,Summer,2012,Casual,Gini and Jony Boys Wild West Blue T-shirt
44180,Women,Personal Care,Fragrance,Perfume and Body Mist,White,Spring,2017,Casual,Nike Fragrances Women Spicy Love Perfume 150 ml
13971,Women,Footwear,Shoes,Sports Shoes,Black,Fall,2011,Sports,Puma Women Speeder Wn's Black Sports Shoes
56410,Men,Footwear,Shoes,Casual Shoes,Brown,Summer,2013,Casual,GAS Men Brown Casual Shoes
57039,Women,Apparel,Dress,Dresses,Black,Summer,2012,Casual,Elle Women Black Dress
6062,Men,Apparel,Topwear,Tshirts,Black,Summer,2011,Casual,UCB Men's Roundneck Take Good Look Black T-shirt
42894,Women,Accessories,Belts,Belts,Beige,Summer,2012,Casual,French Connection Women Beige Belt
48175,Women,Accessories,Bags,Handbags,Black,Winter,2016,Casual,Fossil Women Black Handbag
46733,Girls,Apparel,Bottomwear,Capris,Navy Blue,Summer,2012,Casual,Gini and Jony Girls Navy Blue Capris
55223,Women,Personal Care,Lips,Lip Liner,Maroon,Spring,2017,Casual,Lakme Perfect Definition Go Grape Lip Liner 23
21930,Women,Apparel,Topwear,Kurtas,Blue,Fall,2011,Ethnic,BIBA Women Printed Blue Kurta
29320,Men,Apparel,Topwear,Tshirts,Green,Summer,2012,Sports,ADIDAS Men Green Jersey
22305,Women,Footwear,Shoes,Heels,White,Winter,2012,Casual,Inc. 5 Women Casual White Heels
59306,Men,Apparel,Topwear,Tshirts,White,Winter,2016,Casual,U.S. Polo Assn. Men White T-shirt
54152,Women,Accessories,Jewellery,Necklace and Chains,Gold,Fall,2012,Casual,Femella Golden Necklace
38208,Women,Accessories,Eyewear,Sunglasses,Grey,Winter,2016,Casual,Polaroid Women Sunglasses
51166,Men,Accessories,Socks,Socks,Brown,Summer,2016,Casual,Raymond Men Brown Socks
33390,Women,Accessories,Wallets,Wallets,Pink,Summer,2012,Casual,Baggit Women Goofy Jhuti Pink Wallet
10411,Women,Apparel,Topwear,Tshirts,Purple,Fall,2011,Casual,United Colors of Benetton Women Printed Purple T-shirt
51892,Women,Accessories,Wallets,Wallets,Mushroom Brown,Summer,2016,Casual,Nyk Women Mushroom Brown Wallet
41144,Women,Apparel,Topwear,Tops,Pink,Summer,2012,Casual,Allen Solly Woman Pink Top
32077,Men,Apparel,Innerwear,Briefs,Grey,Summer,2016,Casual,Playboy Men Printed Grey Brief
16984,Men,Footwear,Sandal,Sandals,Black,Spring,2012,Casual,Puma Men Miami Black Slipper
32602,Men,Accessories,Wallets,Wallets,Brown,Spring,2013,Casual,Levitate Men Brown Wallet
19487,Men,Apparel,Innerwear,Trunk,Blue,Summer,2016,Casual,Levis Men Jazz Stripes Blue Trunks
7653,Men,Accessories,Socks,Socks,Grey,Summer,2016,Casual,Wrangler Men's Dark Grey Melange Ankle Length Socks
51169,Men,Accessories,Socks,Socks,Black,Summer,2016,Casual,Raymond Men Black Socks
5018,Men,Apparel,Bottomwear,Shorts,White,Summer,2016,Casual,Levis Kids Boy's Aldon White Kidswear
37532,Boys,Apparel,Topwear,Tshirts,Blue,Summer,2012,Casual,Madagascar3 Infant Boys Light Blue T-Shirt
58112,Women,Accessories,Jewellery,Earrings,Brown,Fall,2012,Casual,Rreverie Dark Brown & Turquoise Earrings
16418,Men,Apparel,Topwear,Tshirts,White,Fall,2011,Casual,Levi's Men Stripes White Tshirts
25899,Women,Apparel,Bottomwear,Leggings,Charcoal,Summer,2012,Casual,Femella Women Charcoal Skinny Leggings
33650,Men,Footwear,Sandal,Sandals,Brown,Summer,2012,Casual,Lotto Men Stride Brown Sandals
45968,Women,Apparel,Topwear,Tshirts,White,Summer,2012,Casual,Tokyo Talkies Women White Printed T-shirt
50690,Men,Apparel,Innerwear,Trunk,Black,Summer,2016,Casual,Chromozome Men Black Trunks
47257,Men,Apparel,Innerwear,Briefs,Blue,Summer,2016,Casual,FCUK Underwear Men Blue Brief
19187,Men,Apparel,Topwear,Shirts,Grey,Fall,2011,Casual,United Colors of Benetton Men Check Grey Shirt
30586,Men,Apparel,Topwear,Tshirts,White,Summer,2012,Casual,Nike Men Club Pique Polo White T-shirt
3835,Men,Footwear,Sandal,Sandals,Black,Summer,2011,Casual,Crocs Men Santa Cruz Clog Black Sandal
37893,Women,Apparel,Bottomwear,Tights,Multi,Summer,2012,Casual,Happy Socks Women Striped Tights
37598,Boys,Apparel,Topwear,Tshirts,Blue,Summer,2012,Casual,Madagascar3 Boys Blue Printed T-Shirt
36045,Unisex,Accessories,Bags,Duffel Bag,Beige,Summer,2012,Casual,OTLS Unisex Beige Duffle Bag
9932,Men,Apparel,Topwear,Tshirts,White,Fall,2011,Casual,Basics Men Not Made in India White Tshirts
15710,Men,Footwear,Flip Flops,Flip Flops,White,Fall,2011,Casual,Puma Men Drifter Cat II White Flip Flops
53488,Women,Apparel,Innerwear,Bra,Black,Summer,2018,Sports,Amante Black Sports Bra BCST22
52795,Men,Accessories,Wallets,Wallets,Brown,Summer,2012,Casual,JAG Men Chocolate Brown Leather Wallet
7155,Women,Apparel,Topwear,Tops,Beige,Fall,2011,Casual,Scullers For Her Women Fashion Summer  Beige Top
8952,Men,Apparel,Bottomwear,Trousers,Black,Fall,2011,Formal,Indigo Nation Men TR Yarn Dyed Black Trousers
8867,Men,Apparel,Topwear,Shirts,Grey,Fall,2011,Casual,Mark Taylor Men Grey Striped Shirt
4446,Men,Footwear,Sandal,Sandals,Red,Summer,2011,Casual,Nike Men Wilderness Black Red Sandal
30260,Men,Footwear,Shoes,Formal Shoes,Black,Winter,2018,Casual,Red Tape Men Black Shoes
25328,Men,Accessories,Watches,Watches,Black,Winter,2016,Casual,CASIO Edifice Men Black Dial Chronograph Watch EX030
16468,Men,Apparel,Topwear,Shirts,Blue,Fall,2011,Casual,Locomotive Men Check Blue Shirt
9157,Women,Apparel,Topwear,Shirts,Pink,Fall,2011,Casual,Jealous 21 Women Checks Pink Shirt
22892,Men,Footwear,Sandal,Sandals,Brown,Summer,2012,Casual,Woodland Men Brown Casual Sandals
5068,Men,Accessories,Watches,Watches,Blue,Winter,2016,Casual,Being Human Men Grey Dial Blue Strap Watch
51498,Women,Apparel,Bottomwear,Jeans,Blue,Summer,2012,Casual,Denizen Women Blue Jeans
10030,Women,Apparel,Topwear,Tshirts,Black,Fall,2011,Sports,Nike Women As See The Win Black T-Shirts
30574,Men,Accessories,Eyewear,Sunglasses,Red,Winter,2016,Casual,Opium Men Aviator Black Sunglass
54671,Men,Accessories,Watches,Watches,Black,Winter,2016,Casual,Fastrack Men White Dial  Watch
18592,Men,Accessories,Socks,Socks,White,Fall,2011,Sports,Puma Men Sport Quarters Pack of 3 Socks
41776,Women,Apparel,Topwear,Tops,Green,Summer,2012,Casual,Remanika Women Green Top
35021,Women,Accessories,Stoles,Stoles,Maroon,Summer,2012,Casual,Fabindia Women Red Stole
33870,Men,Accessories,Watches,Watches,Black,Winter,2016,Casual,Citizen Men Black Dial Chronograph Watch AN3420-51L
28449,Women,Accessories,Bags,Handbags,Brown,Summer,2012,Casual,Kiara Women Brown Handbag
50968,Women,Apparel,Innerwear,Bra,White,Summer,2017,Casual,Enamor White Lift Bra
51891,Women,Accessories,Wallets,Wallets,Brown,Summer,2016,Casual,Nyk Women Brown Wallet
18579,Men,Accessories,Socks,Socks,Navy Blue,Summer,2011,Sports,Puma Men Sport Quarters Navy Blue Socks
58838,Men,Accessories,Cufflinks,Cufflinks,Black,Summer,2012,Casual,Hakashi Men Black Cufflinks
12888,Men,Footwear,Shoes,Sports Shoes,White,Fall,2011,Sports,Reebok Men Hex Express LP White Sports Shoes
4198,Boys,Apparel,Topwear,Tshirts,Red,Summer,2011,Casual,Disney Kids Boy's Red Royal Sailing Kidswear
38406,Women,Accessories,Belts,Belts,White,Summer,2012,Casual,Baggit Women White Pandu Taj Belt
44230,Men,Footwear,Shoes,Casual Shoes,Blue,Fall,2012,Casual,Nike Men Blue Sneakers
35567,Men,Footwear,Shoes,Formal Shoes,Brown,Summer,2012,Formal,Arrow Men Brown Formal Shoes
45157,Men,Accessories,Watches,Watches,Silver,Winter,2016,Casual,Casio Youth Series Men Silver-Toned Marine Sports Watch MW-600F-7AVDF(A507)
12152,Women,Apparel,Topwear,Kurtis,Purple,Fall,2011,Ethnic,Aurelia Women Printed Purple Kurti
12545,Women,Apparel,Topwear,Tshirts,White,Fall,2011,Casual,Tantra Women White Printed T-shirt
13224,Men,Apparel,Topwear,Sweatshirts,Blue,Fall,2011,Casual,Palm Tree Kids Boys Printed Blue Sweatshirts
25652,Men,Accessories,Watches,Watches,White,Winter,2016,Casual,Fastrack Men White Casual Watch
35321,Women,Accessories,Jewellery,Earrings,Silver,Winter,2016,Ethnic,Fabindia Women Anusuya Silver Earrings
13308,Women,Apparel,Topwear,Tops,White,Fall,2011,Casual,Gini and Jony Kids Girls Printed White Tops
28471,Women,Apparel,Topwear,Tops,Black,Summer,2012,Casual,Urban Yoga Women Printed Black Top
11802,Women,Apparel,Topwear,Kurtas,White,Fall,2011,Ethnic,Vishudh Women Cambric White Kurtas
13627,Men,Apparel,Loungewear and Nightwear,Lounge Shorts,Blue,Summer,2016,Casual,Hanes Men Knitted Blue Shorts
17111,Women,Accessories,Bags,Clutches,Black,Winter,2015,Casual,Lino Perros Women Crystal Black Clutch
32540,Men,Personal Care,Fragrance,Perfume and Body Mist,Black,Spring,2017,Casual,Playboy Men Miami Perfume
22592,Men,Apparel,Topwear,Sweatshirts,Red,Fall,2011,Casual,Nike Men Red Striped Sweatshirt
35442,Girls,Apparel,Topwear,Tops,White,Summer,2012,Casual,Doodle Girls Printed White Top
34108,Girls,Apparel,Topwear,Tops,Pink,Summer,2012,Casual,Doodle Girls Printed Orange Top
48651,Women,Accessories,Jewellery,Earrings,Silver,Summer,2013,Casual,Lucera Women Silver Earrings
53588,Men,Accessories,Watches,Watches,Black,Winter,2016,Casual,Q&Q Men Black Dial Watch
50163,Women,Footwear,Shoes,Heels,Black,Winter,2012,Casual,Rocia Women Black Heels
43514,Women,Apparel,Dress,Dresses,Black,Summer,2012,Casual,French Connection Women Black Dress
37582,Girls,Apparel,Bottomwear,Shorts,White,Summer,2012,Casual,Madagascar3 Girls White Shorts
23556,Men,Personal Care,Fragrance,Deodorant,Black,Spring,2017,Casual,Police Dark Men Deo
29455,Men,Free Items,Free Gifts,Free Gifts,Black,Winter,2016,Casual,Giordano Men Black Dial Watch
40627,Women,Apparel,Topwear,Kurtas,Lavender,Summer,2012,Ethnic,Span Women Lavender Kurta
33488,Men,Apparel,Topwear,Shirts,Purple,Summer,2012,Casual,Doodle Kids Boy Check Purple Shirt
12245,Men,Apparel,Topwear,Shirts,Maroon,Winter,2011,Formal,Genesis Maroon Formal Shirt
24562,Men,Apparel,Topwear,Shirts,Blue,Summer,2012,Casual,Lee Men Rubin Blue Shirt
23548,Men,Personal Care,Fragrance,Perfume and Body Mist,Red,Spring,2017,Casual,Police Men Passion Perfume
4763,Men,Apparel,Topwear,Tshirts,Blue,Summer,2011,Sports,ADIDAS Men's Gym Polo Blue Black T-Shirt
32144,Men,Apparel,Innerwear,Briefs,White,Summer,2016,Casual,Playboy Men Pack of 2 White Briefs
11559,Women,Apparel,Topwear,Kurtas,White,Summer,2011,Ethnic,W Women Printed White Kurtas
38528,Men,Footwear,Shoes,Casual Shoes,White,Summer,2012,Casual,Puma Men White Caliber Shoes
40690,Men,Footwear,Shoes,Formal Shoes,Black,Summer,2012,Formal,Numero Uno Men Black Formal Shoes
34344,Men,Apparel,Topwear,Tshirts,Purple,Summer,2012,Casual,Myntra Men Karma Purple T-shirt
30047,Men,Accessories,Watches,Watches,Silver,Winter,2016,Casual,SKAGEN DENMARK Men Silver-Toned Dial Watch 568LSLZM
56990,Women,Footwear,Shoes,Flats,Brown,Winter,2012,Casual,HM Women Beige Sandals
20892,Men,Footwear,Shoes,Casual Shoes,Black,Fall,2011,Casual,Basics Men Black Casual Shoes
55569,Women,Personal Care,Fragrance,Deodorant,Yellow,Spring,2017,Casual,Revlon Women Charlie Sunshine Deo
9716,Men,Footwear,Sandal,Sandals,Brown,Winter,2015,Formal,Hush Puppies Men Decent Brown Sandals
9214,Women,Footwear,Shoes,Casual Shoes,White,Fall,2011,Casual,Puma Women Track Cat Basic White Casual Shoes
57870,Women,Personal Care,Skin,Face Moisturisers,White,Spring,2017,Casual,Biotique Morning Nectar Flawless Lightening Lotion
31564,Men,Apparel,Bottomwear,Trousers,Charcoal,Summer,2012,Formal,Mark Taylor Men Striped Charcoal Trousers
40652,Women,Apparel,Topwear,Kurtas,Mustard,Summer,2012,Ethnic,Span Women Mustard Kurta
3015,Men,Apparel,Topwear,Tshirts,Pink,Summer,2011,Casual,Lee Men's Panama Pink T-shirt
27868,Women,Apparel,Topwear,Shirts,White,Fall,2012,Smart Casual,Scullers For Her Women White Striped Shirt
38541,Men,Footwear,Shoes,Casual Shoes,Black,Summer,2012,Casual,Puma Men Black Contest Hi Shoes
4712,Unisex,Accessories,Watches,Watches,Black,Winter,2016,Sports,ADIDAS Unisex Cambridge Analogue Black Dial Watch
7134,Men,Apparel,Bottomwear,Track Pants,Navy Blue,Fall,2011,Casual,Urban Yoga Men Bottom Navy Yoga Pants
26949,Women,Apparel,Topwear,Tshirts,Orange,Summer,2012,Casual,Jealous 21 Women Printed Orange T-shirt
32308,Women,Accessories,Watches,Watches,Pink,Winter,2016,Casual,Q&Q Women Pink Dial Watch
14753,Men,Apparel,Topwear,Shirts,White,Fall,2012,Formal,Arrow Men White Striped Shirt
18276,Women,Apparel,Topwear,Kurtas,White,Fall,2011,Ethnic,Aneri Women Tanvi White Kurta
48619,Women,Accessories,Jewellery,Earrings,Silver,Fall,2012,Casual,Lucera Women Gold Earrings
27919,Women,Apparel,Bottomwear,Trousers,Brown,Summer,2012,Formal,Scullers For Her Light Brown Trousers
18620,Men,Apparel,Topwear,Tshirts,Maroon,Fall,2011,Casual,Puma Men Team Essential Maroon Polo Tshirts
38587,Women,Apparel,Topwear,Tshirts,White,Summer,2012,Casual,Nike Women White Jdi T-Shirt
13174,Women,Footwear,Shoes,Flats,Black,Winter,2015,Casual,Skechers Women Ever Lasting Black Sandals
57095,Women,Apparel,Bottomwear,Shorts,Black,Summer,2012,Casual,Elle Women Black Culottes
47655,Women,Apparel,Dress,Dresses,Grey,Summer,2012,Casual,Femella Women Grey Polka Dotted Dress
20235,Women,Apparel,Topwear,Tshirts,Black,Fall,2011,Casual,Wrangler Women Baroque Black T-shirt
19111,Men,Apparel,Topwear,Tshirts,Red,Summer,2016,Casual,Campbell Men Pack of 3 Solid Tshirts
44205,Women,Footwear,Flip Flops,Flip Flops,Green,Winter,2012,Casual,iPanema Women Green Flip Flops
49997,Women,Apparel,Innerwear,Briefs,Pink,Winter,2015,Casual,Hanes Women Assorted Pack of Two No Panty Line - Cotton Stretch Bikinis
18408,Women,Footwear,Flip Flops,Flip Flops,Black,Fall,2011,Casual,Skechers Women Your Black Slippers
46537,Women,Accessories,Watches,Watches,White,Winter,2016,Casual,Timex Women White Dial Watch
37414,Women,Accessories,Bags,Handbags,Black,Summer,2012,Casual,Murcia Women Black Handbag
16285,Men,Apparel,Topwear,Tshirts,Blue,Fall,2011,Casual,Peter England Men Printed Blue TShirt
56052,Women,Personal Care,Lips,Lip Gloss,Brown,Spring,2017,Casual,Colorbar Extra Durable Lava Lip Color 020
20531,Women,Accessories,Wallets,Wallets,Green,Winter,2015,Casual,Baggit Women Quick Mayur Green Wallet
31247,Men,Apparel,Topwear,Tshirts,Grey,Summer,2012,Casual,Puma Men Grey Polo T-shirt
48241,Boys,Apparel,Topwear,Tshirts,Cream,Summer,2012,Casual,Avengers Boys Cream Printed T-shirt
59120,Men,Apparel,Topwear,Jackets,Olive,Summer,2012,Casual,Just Natural Men Olive Jacket
39904,Men,Footwear,Shoes,Sports Shoes,Red,Summer,2012,Sports,ADIDAS Men Red Adipure Sports Shoes
34284,Women,Apparel,Topwear,Dupatta,Blue,Summer,2012,Ethnic,Fabindia Women Blue Dupatta
1852,Men,Apparel,Topwear,Tshirts,Blue,Summer,2011,Casual,Inkfruit Men Ride It Or Die T-shirt
27428,Women,Apparel,Topwear,Tshirts,Black,Fall,2015,Casual,Jockey Women Black V-neck T-Shirt
50161,Women,Footwear,Shoes,Heels,White,Winter,2014,Casual,Rocia Women White Wedges
24323,Unisex,Accessories,Bags,Backpacks,Black,Summer,2011,Casual,ADIDAS Unisex Black Casual Backpack
4439,Unisex,Footwear,Shoes,Casual Shoes,White,Summer,2011,Casual,Converse Unisex Strips White Canvas Shoe
15989,Men,Apparel,Topwear,Sweaters,White,Fall,2011,Casual,Turtle Stripes Men White Sweaters
47308,Women,Accessories,Bags,Clutches,Purple,Summer,2012,Casual,Baggit Women Purple Deshi Baby Purse
13402,Men,Apparel,Topwear,Shirts,Blue,Summer,2011,Casual,United Colors of Benetton Men Check Blue Shirts
55292,Women,Personal Care,Lips,Lip Gloss,Pink,Spring,2017,Casual,Lakme Absolute Cherryshine Plump & Shine Pink Lip Gloss
28570,Women,Apparel,Topwear,Tshirts,Black,Summer,2012,Casual,Nike Women You Wish Black T-shirt
15822,Men,Apparel,Innerwear,Innerwear Vests,Black,Summer,2016,Casual,Facit Men Bicep Tee Black Innerwear Vests
42673,Women,Apparel,Topwear,Kurtas,White,Summer,2012,Ethnic,Alma Women White Kurta
9083,Women,Apparel,Bottomwear,Track Pants,Black,Fall,2011,Sports,ADIDAS Women Ess Cuffed Pant Black Trackpant
18843,Men,Apparel,Topwear,Tshirts,Red,Fall,2011,Casual,Puma Men Graphic Print Red Tshirt
10791,Men,Apparel,Topwear,Shirts,Black,Fall,2011,Casual,Wrangler Men Manitoba Piping Black Shirts
18644,Women,Apparel,Bottomwear,Track Pants,Red,Fall,2010,Sports,Puma Women Geranium Red Core Sweatpants
52228,Women,Accessories,Jewellery,Pendant,Silver,Summer,2013,Casual,Lencia Silver Flower Shaped Pendant
47323,Women,Accessories,Wallets,Wallets,Purple,Summer,2010,Casual,Baggit Women Purple Shell Baby Wallet
52072,Men,Apparel,Topwear,Tshirts,Blue,Summer,2012,Casual,Myntra Men Blue T-shirt
55038,Women,Personal Care,Lips,Lipstick,Brown,Spring,2017,,Lakme Absolute Matte Brick Lipstick 51
12041,Men,Apparel,Topwear,Shirts,Pink,Fall,2011,Formal,Mark Taylor Men Pink Striped Shirt
55194,Women,Personal Care,Nails,Nail Polish,Black,Spring,2017,Casual,Lakme Absolute Fast & Fabulous Night Desire Nail Polish 03
51335,Men,Accessories,Socks,Socks,Black,Summer,2016,Casual,Raymond Men Black Socks
39998,Men,Accessories,Eyewear,Sunglasses,Metallic,Winter,2016,Casual,Park Avenue Men Metallic Frame Sunglasses
39424,Men,Apparel,Topwear,Tshirts,Red,Winter,2016,Casual,U.S. Polo Assn. Denim Co. Men Red Polo T-Shirt
4040,Men,Apparel,Topwear,Tshirts,Blue,Summer,2011,Sports,Rajasthan Royals Mens Replica Cotton Jersey
1623,Unisex,Accessories,Bags,Backpacks,Red,Summer,2011,Casual,Reebok Unisex Red Backpack
29219,Men,Accessories,Socks,Socks,Grey,Summer,2012,Sports,Fila Men Pack of 2 Socks
33764,Women,Footwear,Shoes,Casual Shoes,Purple,Summer,2012,Casual,ADIDAS Neo Women Renewal Purple Shoes
4666,Unisex,Accessories,Watches,Watches,Black,Winter,2016,Sports,ADIDAS Unisex Response Galaxy Black Watch
30533,Women,Apparel,Innerwear,Bra,Black,Summer,2014,Casual,Lovable Cotton Essensuals Black Bra
32615,Men,Accessories,Belts,Belts,Black,Spring,2013,Casual,Levitate Men Reversible Black & Brown Leather Belt
1626,Unisex,Sporting Goods,Sports Equipment,Footballs,Blue,Summer,2011,Sports,Kipsta F300 Football Size 5 Football
5500,Men,Apparel,Topwear,Tshirts,White,Summer,2011,Casual,Mr.Men Men's Mr.Perfect White T-shirt
35105,Men,Accessories,Wallets,Wallets,Black,Summer,2012,Casual,Allen Solly Men Black Wallet
29166,Girls,Apparel,Dress,Dresses,Navy Blue,Summer,2012,Casual,United Colors of Benetton Girls Polka Dot Navy Blue Dress
5885,Men,Apparel,Topwear,Tshirts,Black,Summer,2011,Casual,Puma Men's Ducati Graphic Black T-shirt
47191,Men,Footwear,Shoes,Formal Shoes,Black,Summer,2012,Formal,Franco Leone Men Black Formal Shoes
9991,Men,Apparel,Topwear,Tshirts,Blue,Fall,2011,Sports,Nike Men As Ad Club Pi Blue T-Shirts
56694,Men,Apparel,Topwear,Kurtas,White,Summer,2012,Ethnic,Fabindia Men Striped White Kurta
2897,Women,Footwear,Shoes,Heels,Silver,Winter,2015,Casual,Catwalk Women Golden Heels
7848,Men,Apparel,Topwear,Tshirts,Orange,Fall,2011,Casual,Proline Men Printed T-shirt
57742,Women,Personal Care,Makeup,Foundation and Primer,Skin,Spring,2017,Casual,Lotus Herbals Pure Radiance Caramel Daily Foundation 370
58831,Women,Accessories,Watches,Watches,White,Winter,2016,Casual,FCUK Women White Dial Watch FC1012WWN
20397,Women,Accessories,Bags,Handbags,Brown,Winter,2015,Casual,Baggit Women Zanzeel Taj Brown Handbag
33639,Men,Footwear,Flip Flops,Flip Flops,Grey,Summer,2012,Casual,Lotto Men Grey Sport Line Flip Flops
28051,Men,Apparel,Innerwear,Briefs,Grey Melange,Summer,2016,Casual,Jockey ELANCE Men Grey Melange Pack of 2 Briefs 1009
5010,Men,Apparel,Topwear,Tshirts,Black,Summer,2011,Casual,Inkfruit Men's Egg Hard Black T-Shirt
15775,Men,Apparel,Innerwear,Briefs,White,Summer,2016,Casual,Facit Men Stringz White Briefs
33221,Women,Apparel,Topwear,Tops,Magenta,Summer,2012,Casual,Sepia Women Magenta Top
27405,Women,Apparel,Bottomwear,Capris,Black,Summer,2018,Casual,Jockey Women Black Capris
17567,Men,Apparel,Topwear,Shirts,Purple,Fall,2011,Formal,Mark Taylor Men Purple & White Striped Shirt
22307,Women,Footwear,Shoes,Heels,Beige,Winter,2012,Casual,Inc. 5 Women Casual Beige Flats
2699,Girls,Apparel,Dress,Dresses,Pink,Summer,2011,Casual,Disney Kids Girls Disney girl pink pooh top Kidswear
22705,Men,Footwear,Shoes,Casual Shoes,White,Fall,2011,Casual,Nike Men White Capri II Casual Shoe
28014,Men,Apparel,Innerwear,Trunk,Grey,Summer,2016,Casual,Jockey ZONE STRETCH Men Grey Trunks US20
30717,Boys,Apparel,Apparel Set,Kurta Sets,Green,Summer,2012,Ethnic,Fabindia Boys Green Dhoti Angarakha Sets
9594,Men,Apparel,Topwear,Shirts,White,Fall,2011,Casual,Scullers Men Scul Red White Shirts
6662,Women,Apparel,Topwear,Tshirts,Yellow,Summer,2011,Casual,Jealous 21 Women Yellow Basic Top
45049,Men,Footwear,Flip Flops,Flip Flops,Red,Fall,2012,Casual,Playboy Men Red and Black Flip Flop
5448,Men,Apparel,Topwear,Tshirts,White,Summer,2011,Casual,Nike Men's Training White Blue T-shirt
5895,Women,Footwear,Shoes,Sports Shoes,White,Summer,2011,Sports,Puma Women's Allegra Mid Pink White Shoe
15965,Men,Apparel,Topwear,Jackets,Black,Fall,2011,Casual,Turtle Solid Men Black Jacket
16826,Women,Apparel,Topwear,Tshirts,Green,Fall,2011,Casual,Little Miss Women Printed Green Tshirt
53056,Women,Apparel,Saree,Sarees,Multi,Fall,2012,Ethnic,FNF Multi Coloured Printed Sari
23806,Men,Footwear,Shoes,Sports Shoes,Grey,Fall,2012,Sports,Puma Men Grey Cat Runner Sports Shoes
23038,Men,Apparel,Bottomwear,Trousers,Beige,Summer,2011,Casual,Arrow Men Beige Solid Trousers
45313,Men,Accessories,Belts,Belts,Black,Summer,2012,Formal,Van Heusen Men Black & Brown Reversible Belt
58164,Women,Accessories,Wallets,Wallets,Turquoise Blue,Summer,2012,Casual,Rocky S Women Turquoise Blue Wallet
57328,Women,Apparel,Innerwear,Bra,Lavender,Winter,2015,Casual,Amante Lavender T-shirt Bra BCMV01
20936,Unisex,Accessories,Bags,Backpacks,Green,Summer,2017,Casual,Fastrack Unisex Green Backpack
3635,Unisex,Footwear,Shoes,Sports Shoes,White,Fall,2012,Sports,Puma Unisex White Speeder Sports Shoes
15080,Women,Apparel,Topwear,Kurtis,Orange,Fall,2011,Ethnic,Mother Earth Women Printed Orange Kurtis
4156,Men,Footwear,Shoes,Sports Shoes,White,Summer,2011,Sports,Nike Men's Vapour Club White Red Shoe
43860,Women,Accessories,Jewellery,Earrings,Gold,Summer,2012,Ethnic,Royal Diadem Earrings
57193,Women,Apparel,Topwear,Tunics,Pink,Summer,2012,Casual,Elle Women Pink Tunic
45581,Men,Footwear,Sandal,Sandals,Grey,Summer,2012,Casual,Arrow Men Grey Sandals
36363,Men,Accessories,Ties,Ties,Blue,Summer,2012,Formal,Reid & Taylor Men Blue Tie
43769,Women,Accessories,Jewellery,Earrings,Purple,Summer,2012,Casual,Royal Diadem Purple Earrings
18054,Women,Accessories,Wallets,Wallets,Grey,Winter,2015,Casual,Lino Perros Women Solid Grey Wallet
56569,Women,Personal Care,Makeup,Foundation and Primer,Skin,Spring,2017,Casual,Streetwear Shine Divine Whitening Liquid Toast Foundation
4908,Women,Apparel,Topwear,Tops,Red,Summer,2011,Casual,Levis Kids Girl's Darcy Red Teens Kidswear
25217,Women,Accessories,Bags,Handbags,Pink,Winter,2015,Casual,Lino Perros Women Pink Handbag
49326,Women,Accessories,Watches,Watches,Black,Winter,2016,Casual,DKNY Women Black Dial Watch NY4620
41444,Men,Footwear,Shoes,Sports Shoes,White,Fall,2012,Casual,Lee Cooper Men White Sports Shoes
15267,Women,Footwear,Shoes,Casual Shoes,Yellow,Fall,2011,Casual,ADIDAS Originals Women SL 72 Yellow Casual Shoes
7165,Men,Apparel,Topwear,Shirts,Black,Fall,2011,Casual,Scullers Men Black & Green Shirt
21754,Men,Accessories,Belts,Belts,Brown,Fall,2011,Casual,Fossil Men Johann Dark Brown Belt
47363,Women,Accessories,Bags,Clutches,Mustard,Summer,2012,Casual,Baggit Women Mustard Challo Moly Purse
50473,Men,Apparel,Innerwear,Briefs,Red,Winter,2016,Casual,Chromozome Men Red & Black Brief
59223,Women,Accessories,Watches,Watches,Silver,Winter,2016,Casual,Titan Women Silver Watch
16375,Men,Apparel,Bottomwear,Trousers,Navy Blue,Fall,2011,Formal,Peter England Men Stripes Navy Blue Trouser
21338,Men,Accessories,Eyewear,Sunglasses,Gold,Winter,2016,Casual,Louis Philippe Men Gold Frame Sunglasses
5682,Men,Footwear,Shoes,Casual Shoes,Brown,Winter,2015,Casual,Skechers Men's Transparent Brown Shoe
57449,Women,Apparel,Topwear,Tshirts,Black,Summer,2012,Casual,Angry Birds Women Black T-shirt
59743,Women,Apparel,Innerwear,Briefs,Pink,Summer,2014,Casual,Avirate Pink Brief
41737,Women,Footwear,Shoes,Heels,Black,Winter,2012,Casual,Catwalk Women Black Heels
9546,Men,Apparel,Topwear,Tshirts,Purple,Fall,2011,Sports,Nike Men As Elite Ultimate Ss Training Purple T-Shirts
54677,Women,Accessories,Watches,Watches,Black,Winter,2016,Casual,Fastrack Women Black Dial Watch NB9735NL02
18170,Boys,Apparel,Topwear,Sweatshirts,Green,Fall,2011,Casual,Doodle Kids-Boys Be Born Green Sweatshirt
5453,Men,Apparel,Bottomwear,Shorts,Grey,Summer,2011,Sports,Nike Men's Vapor Knit Grey Short
6482,Men,Apparel,Topwear,Tshirts,Black,Summer,2011,Casual,ADIDAS Men's Strip Polo Black Green T-shirt
33431,Women,Accessories,Bags,Handbags,Green,Summer,2012,Casual,Baggit Women Pinto Checksy Green Sling Bag
56346,Men,Accessories,Watches,Watches,Steel,Winter,2016,Casual,Fastrack Men Steel Dial Watch
42125,Men,Footwear,Shoes,Casual Shoes,Grey,Summer,2012,Casual,Nike Men Grey Ruckus Casual Shoes
10166,Men,Footwear,Flip Flops,Flip Flops,Red,Fall,2011,Casual,United Colors of Benetton Men Carribean Red Flip Flops
51585,Women,Apparel,Bottomwear,Jeans,Navy Blue,Summer,2012,Casual,Wrangler Women Navy Blue Giselle Jeans
14595,Women,Apparel,Bottomwear,Stockings,Grey,Summer,2011,Casual,United Colors of Benetton Women Solid Grey Stockings
3838,Women,Footwear,Shoes,Flats,Black,Summer,2011,Casual,Crocs Women Olivia Black Sandal
31989,Men,Accessories,Socks,Socks,Navy Blue,Summer,2016,Casual,Playboy Men Navy Blue Socks
37151,Men,Apparel,Topwear,Tshirts,Beige,Summer,2016,Casual,Campbell Men Pack of 3 T-shirt
27029,Women,Apparel,Bottomwear,Capris,Blue,Summer,2012,Casual,Jealous 21 Women Blue Capris
12789,Women,Apparel,Topwear,Kurtas,White,Fall,2011,Ethnic,Mother Earth Women Sajiya Collt White Kurtas
52435,Women,Apparel,Loungewear and Nightwear,Nightdress,Purple,Summer,2017,Casual,Red Rose Women Purple Nightdress
51521,Men,Accessories,Watches,Watches,Silver,Summer,2017,Casual,Fastrack Men Silver-Toned Dial Watch N1229SM04
16532,Men,Apparel,Topwear,Shirts,Blue,Fall,2011,Casual,Locomotive Men Check Blue Shirt
51999,Women,Apparel,Loungewear and Nightwear,Nightdress,Blue,Summer,2017,Casual,Inaya Women Blue Nightdress
27840,Men,Accessories,Belts,Belts,Red,Summer,2013,Casual,Bulchee Men Red Leather Belt
30284,Men,Accessories,Eyewear,Sunglasses,Brown,Summer,2017,Casual,Speedo Men Sheet Sunglasses
14296,Men,Apparel,Topwear,Tshirts,Green,Fall,2011,Casual,Classic Polo Men Printed pack of 3 Tshirts
24081,Women,Footwear,Shoes,Casual Shoes,Red,Winter,2015,Casual,Catwalk Women Red Casual Shoes
1580,Women,Apparel,Bottomwear,Swimwear,Black,Fall,2010,Sports,Nabaiji Women Cross-back Swimsuit
35692,Men,Footwear,Shoes,Casual Shoes,White,Summer,2012,Casual,U.S. Polo Assn. Men White Shoes
17989,Men,Accessories,Belts,Belts,Brown,Fall,2011,Formal,Reid & Taylor Men Solid Brown Belt
23925,Men,Footwear,Shoes,Sports Shoes,Black,Summer,2011,Sports,Lotto Men Black Chamonix Sports Shoes
19284,Women,Accessories,Watches,Watches,Black,Winter,2016,Casual,Guess Women Black Dial Watch W60005L2
10997,Men,Accessories,Watches,Watches,Silver,Winter,2016,Casual,Puma Men Track White Silver Watches
51942,Women,Accessories,Bags,Handbags,Lavender,Summer,2016,Casual,Nyk Women Lavender Scrim Handbag
59541,Women,Accessories,Jewellery,Earrings,Silver,Summer,2013,Casual,Lucera Silver Earrings
51174,Men,Accessories,Socks,Socks,Brown,Summer,2016,Casual,Raymond Men Brown Socks
56821,Men,Apparel,Bottomwear,Shorts,Brown,Summer,2012,Casual,John Players Men Brown Shorts
27191,Women,Apparel,Topwear,Kurtas,Pink,Fall,2011,Ethnic,Mother Earth Women Pink Printed Kurta
23684,Men,Accessories,Wallets,Wallets,Brown,Fall,2011,Casual,Newhide Brown Men Antique Wallet
23485,Men,Accessories,Scarves,Scarves,Navy Blue,Summer,2012,Casual,Arrow Men Navy Blue Check Scarf
31847,Women,Accessories,Watches,Watches,Gold,Winter,2016,Casual,Titan Women Raga Mother Of Pearl Dial Watch
38749,Unisex,Accessories,Bags,Backpacks,Grey,Summer,2012,Casual,Nike Unisex Grey Ultimatum Max Air Compact Backpack
44177,Women,Personal Care,Fragrance,Deodorant,White,Spring,2017,Casual,Nike Fragrances Women Paradise Deo
33073,Men,Apparel,Topwear,Tshirts,Green,Summer,2012,Casual,U.S.Polo Assn. Men Green Polo T-shirt
56662,Men,Footwear,Shoes,Casual Shoes,White,Summer,2012,Casual,United Colors of Benetton Men White Shoes
18908,Men,Footwear,Flip Flops,Flip Flops,Blue,Fall,2011,Casual,ADIDAS Men Adi Linear Blue Flip Flops
11438,Women,Apparel,Topwear,Tops,Black,Fall,2011,Casual,United Colors of Benetton Women  Winter Black Top
2636,Men,Footwear,Sandal,Sandals,Brown,Fall,2010,Casual,Carlton London Men Brown Strapped Sandal
44664,Women,Apparel,Bottomwear,Trousers,Charcoal,Summer,2012,Formal,Wills Lifestyle Women Charcoal Trousers
8801,Men,Apparel,Topwear,Shirts,Navy Blue,Fall,2011,Casual,Scullers Men Navy Blue Shirt
3401,Women,Accessories,Bags,Handbags,Black,Winter,2015,Casual,Murcia Women Black Hobo Handbag
6867,Women,Apparel,Topwear,Shirts,Grey,Summer,2011,Casual,Forever New Women Light Brown & Grey Striped Shirt
26065,Men,Apparel,Topwear,Shirts,Black,Summer,2012,Formal,John Miller Men Check Black Shirt
40952,Boys,Apparel,Topwear,Tshirts,Red,Summer,2012,Casual,Gini and Jony Boys Wild West Red T-shirt
8751,Men,Apparel,Topwear,Shirts,Navy Blue,Fall,2011,Casual,Indigo Nation Men Navy Blue Check Shirt
42551,Women,Apparel,Topwear,Kurtas,Blue,Summer,2012,Ethnic,Mother Earth Women Blue Kurta
55617,Men,Footwear,Shoes,Casual Shoes,Brown,Summer,2012,Casual,Numero Uno Men Brown Shoes
51702,Unisex,Accessories,Eyewear,Sunglasses,Grey,Winter,2016,Casual,Van Heusen Unisex Sunglasses VH220-C3
11222,Men,Accessories,Watches,Watches,Steel,Winter,2016,Casual,Esprit Men Avalance Silver Steel Watches
14713,Men,Apparel,Bottomwear,Trousers,Brown,Fall,2011,Formal,Genesis Men Solid Brown Trousers
47027,Women,Apparel,Topwear,Kurtas,Purple,Fall,2012,Ethnic,Shree Women Blue Printed Kurta
57026,Men,Apparel,Innerwear,Briefs,Olive,Summer,2016,Casual,Jockey MC Men Olive Rio Briefs 8033
42947,Men,Accessories,Belts,Belts,Brown,Summer,2012,Casual,French Connection Men Brown Belt
44791,Men,Apparel,Innerwear,Boxers,Blue,Summer,2016,Casual,Calvin Klein Mens blue Boxers
33768,Men,Footwear,Shoes,Casual Shoes,Tan,Summer,2012,Casual,ADIDAS Neo Men Utility Deck Tan Shoes
38650,Men,Footwear,Shoes,Casual Shoes,Brown,Summer,2012,Casual,Nike Men Capri Brown Shoes
17904,Men,Apparel,Topwear,Jackets,Navy Blue,Fall,2011,Sports,Nike Men Football Soccer Navy Blue Jacket
7511,Women,Apparel,Bottomwear,Track Pants,Navy Blue,Summer,2011,Sports,Nike Women Be Strong Navy Blue Pant
54119,Women,Footwear,Shoes,Heels,Brown,Winter,2012,Casual,Rocia Women Brown Flats
17748,Women,Footwear,Shoes,Sports Shoes,Black,Fall,2011,Sports,Puma Women Body Train Black Sports Shoe
40948,Boys,Apparel,Topwear,Tshirts,White,Summer,2012,Casual,Gini and Jony Boys Rodeo T-shirt
36577,Men,Apparel,Topwear,Shirts,Brown,Summer,2012,Casual,Provogue Men Brown Shirt
58879,Men,Accessories,Ties,Ties,Red,Summer,2012,Casual,Hakashi Men Red Tie
37514,Boys,Apparel,Bottomwear,Leggings,Yellow,Summer,2012,Casual,Madagascar3 Infant Boys Lemon Yellow Leggings
9158,Men,Apparel,Bottomwear,Jeans,Black,Fall,2011,Casual,Locomotive Men Cade Black Jeans
56771,Men,Apparel,Topwear,Shirts,Grey,Summer,2012,Casual,Horsefly Men Grey Shirt
8703,Women,Accessories,Eyewear,Sunglasses,Black,Winter,2016,Casual,Fastrack Women Hip Hop Sunglasses
52430,Women,Apparel,Loungewear and Nightwear,Nightdress,Black,Winter,2015,Casual,Red Rose Black & White Nightdress
55803,Women,Apparel,Loungewear and Nightwear,Night suits,Purple,Summer,2017,Casual,SDL by Sweet Dreams Women Purple Printed Night Suit S11-3127
51507,Women,Apparel,Bottomwear,Jeans,Blue,Summer,2012,Casual,Denizen Women Indigo Blue Jeans
59926,Women,Apparel,Topwear,Kurtas,White,Summer,2012,Ethnic,Diva Women White Kurta
20529,Women,Accessories,Bags,Mobile Pouch,Purple,Winter,2015,Casual,Baggit Women Camlin Crush Purple Mobile Pouch
9531,Men,Apparel,Topwear,Jackets,Purple,Fall,2011,Sports,Nike Men Summerized Wind Runner White Jackets
9776,Men,Apparel,Bottomwear,Track Pants,Grey,Fall,2011,Casual,ADIDAS Men Grey Track Pants
57718,Women,Personal Care,Lips,Lip Gloss,Gold,Spring,2017,Casual,Lotus Herbals Seduction Golden Mango Lip Gloss 39
9793,Men,Apparel,Topwear,Shirts,White,Fall,2011,Casual,Spykar Men Ranger Blue White Stripes Shirts
32191,Men,Footwear,Shoes,Sports Shoes,Blue,Summer,2012,Sports,ADIDAS Men Phantom Blue Sports Shoes
42582,Boys,Apparel,Topwear,Waistcoat,White,Summer,2012,Casual,United Colors of Benetton Boys White Waistcoat
13345,Women,Apparel,Bottomwear,Capris,White,Fall,2011,Casual,Gini and Jony Kids Girls Solid White Capris
59543,Women,Accessories,Jewellery,Earrings,Silver,Summer,2013,Casual,Lucera Silver Earrings
24453,Men,Footwear,Shoes,Sports Shoes,Blue,Summer,2012,Sports,Nike Men Free Run Blue Sports Shoes
39344,Men,Apparel,Topwear,Tshirts,Green,Fall,2012,Casual,Mr. Men Green T-shirt
43630,Women,Apparel,Topwear,Shirts,Red,Summer,2012,Casual,Vero Moda Women Red Shirt
51010,Women,Apparel,Innerwear,Bra,Peach,Summer,2017,Casual,Enamor Camelia Coloured Reveal Bra
27614,Men,Apparel,Bottomwear,Trousers,Beige,Summer,2012,Casual,Scullers Men Beige Trousers
13096,Men,Apparel,Topwear,Tshirts,Blue,Fall,2011,Sports,ADIDAS Men NBA BoldBlue T-shirts
51660,Men,Accessories,Watches,Watches,Black,Winter,2016,Casual,Fossil Men Black Dial Watch AM4384
22746,Women,Apparel,Topwear,Kurtas,Red,Fall,2011,Ethnic,BIBA Women Printed Red Kurta
34438,Women,Apparel,Topwear,Tshirts,White,Summer,2012,Casual,Myntra Women Cute Dog White T-shirt
53383,Women,Footwear,Shoes,Heels,Black,Summer,2012,Casual,Puma Women Black Sandals
21710,Men,Accessories,Watches,Watches,Cream,Winter,2016,Casual,Fossil Men Cream-Coloured Dial Watch ME1020
19940,Men,Footwear,Shoes,Casual Shoes,Black,Fall,2011,Casual,Nike Men Nike Capri II  Black Casual Shoes
35182,Women,Accessories,Bags,Backpacks,Pink,Summer,2015,Casual,Wildcraft Women Pink Backpack
26985,Women,Apparel,Bottomwear,Shorts,Pink,Summer,2012,Casual,Jealous 21 Women Pink Shorts
2477,Men,Footwear,Shoes,Sports Shoes,Blue,Fall,2010,Sports,Nike Men's LunarFly Blue Shoe
50496,Men,Apparel,Innerwear,Innerwear Vests,White,Summer,2016,Casual,Chromozome Men White Innerwear Vest
14764,Men,Apparel,Topwear,Shirts,White,Fall,2011,Formal,Arrow Men Stripes White Blue Shirts
30778,Men,Apparel,Topwear,Kurtas,Green,Summer,2012,Ethnic,Fabindia Men Khadi Green Kurta
51883,Women,Accessories,Wallets,Wallets,Green,Summer,2016,Casual,Nyk Women Green Wallet
17222,Men,Accessories,Eyewear,Sunglasses,Blue,Winter,2016,Casual,United Colors of Benetton Men Funky Eyewear Blue Sunglasses
34121,Unisex,Accessories,Bags,Laptop Bag,Black,Summer,2012,Casual,Turtle Unisex Black Laptop Bag
2820,Men,Footwear,Sandal,Sandals,Black,Summer,2012,Formal,Lee Cooper Men Formal Leather Black Sandal
28450,Women,Apparel,Bottomwear,Track Pants,Grey,Summer,2012,Casual,Urban Yoga Women Grey Track Pants
6776,Men,Apparel,Topwear,Tshirts,Red,Summer,2011,Casual,Timberland Men's Tipped Pique Polo Red T-shirt
13154,Men,Apparel,Topwear,Tshirts,Black,Fall,2011,Casual,Puma Men Scribble Black Tshirts
28095,Men,Apparel,Innerwear,Briefs,Grey Melange,Summer,2016,Casual,Jockey MC Men Grey Melange Y Front Briefs 8003
49769,Women,Apparel,Topwear,Tunics,White,Summer,2012,Casual,Alma Women White Tunic
39300,Men,Footwear,Shoes,Casual Shoes,Brown,Winter,2018,Casual,Red Chief Men Brown Shoes
6392,Women,Footwear,Shoes,Flats,Blue,Summer,2011,Casual,Lotto Women Sofia Blue Black Floater
35451,Girls,Apparel,Topwear,Tops,White,Summer,2012,Casual,Doodle Girls Printed White Top
35483,Men,Footwear,Shoes,Formal Shoes,Black,Summer,2012,Formal,Hush Puppies Men Black Bounce IV Formal Shoes
34297,Women,Apparel,Topwear,Dupatta,Gold,Summer,2012,Ethnic,Fabindia Women Gold Tussar Dupatta
31635,Men,Apparel,Topwear,Shirts,Purple,Summer,2012,Formal,Indigo Nation Men Striped Purple Shirt
10016,Women,Apparel,Dress,Dresses,Pink,Summer,2011,Casual,Palm Tree Girl's Cr Blossom Drs Pink Dresses
50937,Men,Apparel,Innerwear,Innerwear Vests,Grey,Summer,2016,Casual,Parx Men Grey Innerwear Vest
28424,Men,Accessories,Eyewear,Sunglasses,White,Winter,2016,Casual,Idee Men Casual White Sunglasses
48578,Men,Accessories,Jewellery,Bracelet,Steel,Summer,2012,Casual,Revv Men Steel Bracelet
13412,Men,Apparel,Topwear,Shirts,Blue,Summer,2011,Casual,United Colors of Benetton Men Check Blue Shirts
30279,Men,Accessories,Eyewear,Sunglasses,Grey,Summer,2017,Casual,Speedo Men Sheet Sunglasses
20957,Men,Footwear,Flip Flops,Flip Flops,Grey,Fall,2011,Casual,ADIDAS Men Numbers Grey Flip Flops
46443,Men,Accessories,Watches,Watches,Blue,Winter,2016,Casual,Timex Men Blue Dial Watch
53095,Women,Accessories,Jewellery,Earrings,Maroon,Winter,2016,Ethnic,Fabindia Maroon & Green Earrings
51700,Unisex,Accessories,Eyewear,Sunglasses,Gold,Winter,2016,Casual,Van Heusen Unisex Brown Aviator Sunglasses VH217-C1
31365,Men,Apparel,Topwear,Tshirts,Grey,Summer,2012,Casual,Locomotive Men Printed Grey T-shirt
6536,Men,Apparel,Bottomwear,Shorts,Black,Summer,2011,Sports,Nike Men's Trophy Woven Black Short
15503,Women,Footwear,Shoes,Casual Shoes,Black,Fall,2011,Casual,Carlton London Women Casual Black Casual Shoes
43105,Men,Personal Care,Fragrance,Deodorant,Blue,Spring,2017,Casual,Reebok Men Reefuse Deo
30013,Men,Accessories,Watches,Watches,Black,Winter,2016,Casual,Kenneth Cole Men Black Dial Chronograph Watch
23653,Men,Apparel,Topwear,Tshirts,Off White,Summer,2012,Casual,Music Men Off White Printed T-shirt
15873,Unisex,Footwear,Flip Flops,Flip Flops,Yellow,Fall,2011,Casual,Warner Bros Kids Unisex TJ Aloha Flops Yellow Slippers
32857,Women,Footwear,Shoes,Heels,Blue,Winter,2012,Casual,Grendha Women Vicky Ad Blue Flats
26151,Men,Apparel,Bottomwear,Trousers,Navy Blue,Summer,2012,Formal,John Miller Men Navy Blue Trousers
45391,Women,Footwear,Shoes,Flats,Black,Winter,2012,Casual,Rocia Women Black Sandals
10865,Men,Apparel,Topwear,Tshirts,Yellow,Fall,2011,Casual,Wrangler Men Motor Rider Yellow T-Shirts
25941,Women,Accessories,Scarves,Scarves,Yellow,Summer,2012,Casual,Femella Women Yellow & Brown Scarf
5072,Women,Accessories,Watches,Watches,Black,Winter,2016,Casual,Being Human Women Black Silicon Strap with Stones Watch
27567,Men,Apparel,Topwear,Shirts,Black,Summer,2012,Casual,Scullers Men Striped Black Shirt
42697,Women,Footwear,Shoes,Flats,Gold,Winter,2012,Casual,Rocia Women Gold Sandals
9779,Men,Apparel,Bottomwear,Track Pants,Navy Blue,Fall,2011,Casual,ADIDAS Men Cress 3spespt Navy Blue Track Pants
48678,Women,Accessories,Jewellery,Earrings,Silver,Summer,2013,Casual,Lucera Women Silver Earrings
49626,Women,Apparel,Topwear,Tunics,White,Summer,2012,Casual,Mineral Women White Tunic
25272,Women,Accessories,Bags,Handbags,Red,Summer,2012,Casual,Lino Perros Women Leatherette Red Handbag
20844,Men,Accessories,Mufflers,Mufflers,Grey,Fall,2011,Casual,Scullers Men Casual Grey Muffler
36522,Women,Accessories,Bags,Handbags,Black,Summer,2012,Casual,United Colors of Benetton Women Black Bag
3182,Men,Footwear,Shoes,Sports Shoes,Black,Fall,2010,Sports,Nike Men's Lunarelite Black Green Shoe
36397,Men,Accessories,Socks,Socks,Blue,Summer,2016,Casual,Reid & Taylor Men Blue Socks
32269,Women,Apparel,Topwear,Kurtas,Orange,Summer,2012,Ethnic,Vishudh Women Printed Orange Kurta
5709,Men,Footwear,Flip Flops,Flip Flops,Grey,Summer,2011,Casual,Reebok Men's Hanawi Terra Grey Flip Flop
15957,Men,Accessories,Ties,Ties,Maroon,Fall,2011,Formal,Turtle Men Stripes Maroon Ties
40182,Women,Apparel,Topwear,Kurtis,Blue,Summer,2012,Ethnic,Mumbai Slang Women Floral Blue Kurti
